fullname,Papers,Cites,H-Index,First,Last
John C. Caldwell,20,1351,13,1963,2004
Samuel H. Preston,14,1204,11,1974,2016
Larry L. Bumpass,5,801,4,1982,2000
Hsien Hen Lu,1,732,1,2000,2000
John G.F. Cleland,7,686,6,1987,2003
Chris Wilson,6,677,6,1981,1999
Thomas McKeown,6,649,5,1955,1978
John N. Hobcraft,11,644,8,1982,2006
John E. Knodel,15,620,11,1967,2000
R. G. Record,3,504,3,1962,1975
Francesco C. Billari,9,431,7,2001,2019
Shea O. Rutstein,3,429,3,1984,2014
Kathleen E. Kiernan,6,428,6,1983,1999
John P.M. Bongaarts,11,424,9,1976,2019
John W. McDonald,2,420,2,1984,1985
Óystein Kravdal,10,413,6,1992,2019
Monica das Gupta,3,411,3,1990,2013
Pat Caldwell,4,408,4,1977,1992
James Trussell,10,405,9,1977,1996
Michael J. Murphy,12,383,11,1985,2016
Robert I. Woods,7,366,7,1983,2005
Gigi Santow,9,358,7,1979,1998
Dudley Kirk,2,348,2,1974,1996
Hans Peter E. Köhler,5,343,4,2000,2005
Jan M. Hoem,7,333,6,1989,2016
Etienne van de Walle,6,326,5,1965,2000
John Hajnal,8,317,4,1947,1957
Gordon F. de Jong,4,315,4,1977,2000
Gerry B. Rodgers,1,312,1,1979,1979
Henri Léridon,9,306,7,1969,2008
Robert G. Potter,20,294,9,1956,1986
Tarun Kumar Roy,2,285,2,1998,2006
Guy Stecklov,6,282,6,1999,2016
Minja Kim Choe,3,281,3,1994,2010
Ronald Demos Lee,6,271,6,1974,2008
Patrick R. Galloway,3,266,3,1985,1994
Kenneth Hailey Hill,11,265,7,1977,2016
Matthijs Kalmijn,4,262,3,2005,2010
John B. Casterline,5,259,3,1986,2020
Ronald F. Freedman,13,258,10,1954,1990
Michael D. Bracher,6,255,6,1981,1998
Elsie R. Pamuk,1,254,1,1985,1985
P. H. Reddy,2,253,2,1983,1983
Mead T. Cain,7,250,7,1982,1991
Ansley Johnson Coale,7,246,5,1957,1996
Cynthia B. Lloyd,3,240,3,1993,2008
Heather Booth,2,238,2,1984,2002
Julie S. DaVanzo,6,230,5,1982,2006
Eliya Msiyaphazi Zulu,3,228,3,2002,2010
R. G. Brown,2,227,2,1955,1972
John C. Barrett,4,223,3,1969,1974
Fred Arnold,1,223,1,1998,1998
Dov Friedlander,8,219,8,1966,2002
Frans W.A. Van Poppel,7,213,6,1995,2016
Len R. Smith,1,211,1,2002,2002
John H. Maindonald,1,211,1,2002,2002
J. H. Woodward,2,208,2,1988,1989
Patricia A. Watterson,2,208,2,1988,1989
P. N. Mari Bhat,1,205,1,1997,1997
Griffith Feeney,6,205,5,1980,1994
Alberto Palloni,11,204,7,1975,2009
Aart C. Liefbroer,5,201,5,2001,2015
Mindel C. Sheps,5,196,5,1963,1966
Alaka Malwade Basu,5,195,5,1989,2004
Deborah L. Balk,2,194,2,1994,1997
Alex Chika Ezeh,3,192,3,2001,2005
Barbara S. Okun,7,190,6,1994,2016
John R. Marshall,1,189,1,1969,1969
Anne H?l?ne Gauthier,1,188,1,1997,1997
Jan Hatzius,1,188,1,1997,1997
Pekka Martikainen,8,186,7,1995,2018
Dirk J. van de Kaa,4,186,4,1991,2013
Ulla M. Larsen,7,185,7,1994,2008
Ruth B. Dixon,2,184,2,1971,1978
Lolagene C. Coombs,7,181,6,1966,1979
Warren C. Robinson,5,181,5,1961,1997
E. Anthony Wrigley,6,180,4,1970,1994
Alexia Prskawetz,3,176,2,2001,2017
Basia W. Żaba,6,176,4,1979,2020
James W. Vaupel,3,176,2,1986,2004
Lincoln C. Chen,3,172,3,1974,1976
Carol Vlassoff,4,171,4,1980,1992
Barbara Sena Mensch,4,170,3,1985,2020
Linda G. Martin,5,169,5,1980,2011
S. Philip Morgan,2,165,2,1993,1996
Emily Grundy,8,163,6,1991,2020
Yi Zeng,4,161,4,1988,2004
David A. Coleman,6,158,5,1999,2015
Warren Bailley Miller,3,157,3,2004,2017
John F. Ermisch,5,155,5,1979,2015
Jan van Bavel,5,154,5,2003,2018
Wiley Henry Mosley,2,154,2,1974,1978
Michel Guillot,7,153,6,2002,2019
Éva Beaujouan,4,150,4,2011,2018
Gösta Carlsson,2,149,2,1966,1970
Brienna Perelli-Harris,2,148,2,2005,2012
Tehsiung Sun,4,147,4,1978,1990
Gabriele Doblhammer,3,146,3,2000,2013
Peter Laslett,4,146,4,1969,1985
Judith Blake,4,145,4,1966,1968
Francis Nii Amoo Dodoo,2,145,2,2001,2002
Mingcheng Chang,3,144,3,1982,2002
Jennifer Lauby,1,143,1,1988,1988
Oded Stark,1,143,1,1988,1988
Alícia Adserà,4,142,4,2006,2014
Ian M. Timæus,6,142,4,1994,2018
Zachary S. Zimmer,3,142,3,2002,2011
Anthony T. Flegg,2,141,2,1979,1982
Monica Das Gupta,3,141,3,1995,1998
A. K.M. Alauddin Chowdhury,5,140,5,1972,1987
Akinrinola Bankole,1,138,1,1995,1995
Michael A. Koenig,3,138,3,1984,2012
Kenneth Alan Bollen,2,137,2,2002,2007
Jennifer L. Glanville,2,137,2,2002,2007
Ian D. Diamond,3,136,3,1983,1999
Anastasia Jessica Gage,2,135,2,1998,2006
Heather Joshi,3,135,3,1987,2000
R. D. Turner,1,134,1,1975,1975
P. N.Mari Bhat,3,133,3,1999,2002
Sandra L. Huffman,5,132,4,1978,1987
Carine Ronsmans,2,132,2,1995,2006
Roger S. Schofield,2,131,2,1971,1983
Victor Agadjanian,4,130,4,2001,2017
George J. Stolnitz,3,130,3,1955,1965
Simon A.J. Gregson,3,127,3,1994,2003
Trude Lappegård,2,122,2,2010,2012
Thomas Schindlmayr,2,121,2,2003,2004
Michael R. Haines,4,121,4,1978,1995
Irma T. Elo,5,120,5,1999,2018
Maxine Weinstein,4,120,4,1987,1990
Henriette Engelhardt,2,118,2,2004,2009
Hendrik P. Van Dalen,3,117,2,2005,2020
Caroline Berghammer,2,117,2,2012,2012
Jona Schellekens,6,117,5,1985,2017
Nathan Keyfitz,10,116,5,1949,1996
Jean Pierre L. Habicht,2,116,2,1983,1985
William P. Butz,2,116,2,1983,1985
I. O. Orubuloye,2,115,2,1975,1992
Abdur Razzaque,2,114,2,1990,2008
Anastasia J. Gage-Brandon,2,114,2,1993,1994
Shamsa Q.S. Ahmed,1,113,1,1974,1974
Mark R. Montgomery,2,113,2,1988,1993
Tom A. Moultrie,2,113,2,2003,2012
Melita C. Gesche,1,113,1,1974,1974
Shiro Horiuchi,3,113,3,1982,2007
Ellen Eliason Kisker,1,112,1,1986,1986
Tommy Bengtsson,2,112,2,2000,2017
Sidney Goldstein,4,112,4,1970,1997
Cameron D. Campbell,2,111,2,1994,1995
Paola Di Giulio,2,111,2,2011,2012
Wang Feng,2,111,2,1994,1995
Robert D. Retherford,6,111,5,1973,2010
Paul Conal Winters,2,110,2,2002,2007
Paul L. Menchik,1,110,1,1993,1993
Marika Jalovaara,2,110,2,2001,2012
Elina K. Nihtilä,2,110,2,2005,2007
Sara R. Millman,3,109,3,1985,1986
Máire Ní Bhrolcháin,1,109,1,2012,2012
Anrudh Kumar Jain,4,108,3,1969,1985
Martin Lindström,1,108,1,2000,2000
Tomas Kögel,1,107,1,2004,2004
Lee L. Bean,3,107,3,1978,1986
P. E.H. Hair,3,107,3,1966,1971
Cicely Marston,1,106,1,2003,2003
Jerzy Zubrzycki,4,106,4,1953,1962
Jennifer S. Barber,3,105,3,1998,2017
Joseph Earl Potter,6,104,5,1977,2013
Gerḿan Rodríguez,2,103,2,1988,1992
William Brass,8,103,4,1953,1996
Tim P. Dyson,2,103,2,1991,1991
Gunnar Andersson,2,102,2,2005,2007
Jacques P.G. Janssen,1,102,1,2005,2005
Paul M. de Graaf,1,102,1,2005,2005
Lisa Hurt,1,99,1,2006,2006
Sara L. Thomas,1,99,1,2006,2006
Dharmalingam Arunachalam,2,99,2,1993,1996
David Sven Reher,7,98,6,1989,2020
Judith Banister,1,97,1,2004,2004
Scott T. Yabiku,2,97,2,2005,2010
Keith Hopkins,1,96,1,1966,1966
H. J. Page,3,96,3,1976,1980
Aiva Jasilioniene,1,95,1,2012,2012
Renske Keizer,1,95,1,2012,2012
Michaela Kreyenfeld,1,95,1,2012,2012
Wendy Sigle,1,95,1,2012,2012
George C. Alter,3,94,3,1983,2004
Victoria Hosegood,2,93,2,2007,2010
Frances Kobrin Goldscheider,1,92,1,1990,1990
Marie Guirlène Calixte,1,92,1,2006,2006
Britta Hoem,1,92,1,1989,1989
Andrew D. Foster,3,91,3,1990,1993
Martin Dribe,4,91,3,2004,2020
T. H. Hollingsworth,3,90,3,1957,1975
Pierre Cantrelle,1,90,1,1971,1971
Elizabeth Frankenberg,2,90,2,2002,2005
Margaret P. Parker,2,90,2,1964,1965
Michael Vlassoff,4,90,4,1979,1984
Dimiter Philipov,1,89,1,2006,2006
Zsolt Spéder,2,89,1,2006,2020
Lawrence J. Severy,1,88,1,2004,2004
David J. Pasta,1,88,1,2004,2004
Stephen P. Jenkins,1,88,1,1999,1999
Grazyna Jasielqska,1,88,1,1993,1993
Gillian R. Bentley,1,88,1,1993,1993
Tony L. Goldberg,1,88,1,1993,1993
Sarah Jarvis,1,88,1,1999,1999
N. Krishnan Namboodiri,1,88,1,1972,1972
Dov Friedlander,1,87,1,2005,2005
T. James Trussell,2,87,2,1974,1975
Nicky Hart,2,87,2,1993,1998
Andres Vikat,2,87,2,1999,2007
Seppo Väinö Pellervo Koskinen,1,86,1,2005,2005
Tuija P. Martelin,1,86,1,2005,2005
Eugene A. Hammel,2,86,2,1994,2004
Karoliina Majamaa,1,86,1,2005,2005
John K. Hill,1,85,1,1984,1984
V. Heuchel,1,85,1,1980,1980
Peter D.M. Macdonald,1,85,1,1980,1980
Stephen K. Happel,1,85,1,1984,1984
Daniel Schwartz,1,85,1,1980,1980
Stuart A. Low,1,85,1,1984,1984
Sara C. Randall,3,84,3,1996,2011
Anne Moursund,1,84,1,2003,2003
Zeba A. Sathar,1,83,1,1984,1984
Patrick Heuveline,2,83,2,1998,2015
Peter F. McDonald,1,83,1,1986,1986
Alden Speare,3,83,3,1967,1973
Roy Malcolm Anderson,2,83,2,1994,1999
Lindy B. Williams,1,83,1,1986,1986
Dominique Meekers,2,83,2,1994,1999
J. G. Cleland,1,83,1,1984,1984
Chris Galley,2,82,2,1995,2001
Timothy W. Guinnane,2,82,2,1991,2002
Lisbeth B. Knudsen,1,82,1,2002,2002
M. K. Hopkins,1,81,1,1965,1965
Vladimir M. Shkolnikov,4,81,4,2004,2013
Michael A. Stoto,4,81,4,1983,1990
Daniel M. Goodkind,4,81,4,1995,2015
David Wolfers,4,81,3,1968,1975
Alice Goldstein,2,80,2,1981,1997
William Henry James,11,80,5,1963,1978
Jean Marie Robine,2,80,2,2006,2007
D. V. Glass,15,78,5,1950,1971
Carl Mosk,4,78,3,1979,1987
Noreen Goldman,7,78,5,1980,2003
Ann M. Berrington,1,77,1,1999,1999
R. Sauer,2,77,2,1974,1978
Edward Shorter,1,77,1,1971,1971
Abbas Uddin Bhuiya,2,77,2,1991,1997
Kenneth W. Wachter,4,77,4,1986,2006
Omar B. Ahmad,1,76,1,2003,2003
Brian D. Silver,4,76,4,1986,1995
Máire Ní Bhrolcháin,3,76,3,1987,2011
Mark J. VanLandingham,2,76,2,1992,2001
Brodie D. Ferguson,1,76,1,2003,2003
Christopher J.L. Murray,1,76,1,2003,2003
Alice Reid,3,76,3,2001,2020
John G.C. Blacker,8,76,5,1957,2007
Joshua A. Salomon,1,76,1,2003,2003
Michel L. Garenne,2,76,2,1989,2002
Alan D. Lopez,1,76,1,2003,2003
Barbara A. Anderson,4,76,4,1986,1995
Caterina Hill,1,75,1,2007,2007
Jay Murray Winter,2,75,2,1976,1977
Milly Marston,2,75,1,2007,2020
Nuala M. McGrath,1,75,1,2007,2007
David R. Weir,2,75,2,1990,1994
Raphael Isingo,1,75,1,2007,2007
Amelia Catharine Crampin,1,75,1,2007,2007
Sian Floyd,1,75,1,2007,2007
Melinda C. Mills,3,75,3,2010,2015
Jeremiah M. Sullivan,3,74,3,1972,1979
Clyde H. Coombs,2,74,2,1975,1975
Gary H. McClelland,2,74,2,1975,1975
R. W. Hiorns,3,74,3,1999,2002
Tarani Chandola,3,74,3,1999,2002
Charlotte J. Erickson,4,74,4,1949,1990
Elizabeth Thomson,2,73,2,1999,2011
Michael L. Anderson,4,73,4,1993,1998
Laurence M. Grummer-Strawn,2,73,2,1992,1993
Cormac Ó. Gráda,3,73,3,1975,1995
Lauren E. Hale,1,72,1,2008,2008
Steven Ruggles,1,72,1,1992,1992
Mizánur M. Rahman,1,72,1,2008,2008
Julie da Vanzo,1,72,1,2008,2008
Peter R. Uhlenberg,2,71,2,1969,1995
Martin P. Brockerhoff,1,71,1,2003,2003
Geraldine P. Mineau,2,71,2,1979,1986
Kirk Scott,1,71,1,2005,2005
Monica Akinyi Magadi,1,71,1,2003,2003
Kathryn Mary Yount,4,70,4,2001,2010
David K. Guilkey,3,69,3,1986,1997
Sangeetha Madhavan,3,69,3,2002,2017
Stéphane Helleringer,1,68,1,2005,2005
Mark H. Skolnick,2,68,2,1978,1979
Griselda Rowntree,7,68,5,1949,1964
Magali Barbieri,2,68,2,1996,2008
Sylvie Dubuc,1,68,1,2010,2010
Anna Matysiak,2,67,2,2009,2014
Benjamin Davis,1,67,1,2002,2002
Ernestina E. Coast,3,67,2,2003,2018
Gerda Neyer,1,67,1,2001,2001
David M. Heer,6,67,4,1964,1977
Larry H. Long,1,67,1,1992,1992
Robert V. Wells,2,67,2,1971,1992
Woojin Chung,1,67,1,1998,1998
Charles A. Price,3,66,2,1962,1965
James C. Riley,3,66,3,1989,2003
John D. Durand,2,66,2,1950,1960
Anatole Romaniuk,2,66,2,1973,1980
Quincy Thomas Stewart,1,66,1,1999,1999
Jack A. Goldstone,1,66,1,1986,1986
Kène Henkens,2,66,1,2013,2020
Jeffrey Cassel,1,65,1,1995,1995
Väinö Kannisto,1,65,1,1988,1988
Martin Bell,2,65,2,2000,2014
Maria Maria Montenegro,1,65,1,1995,1995
Peter Sandiford,1,65,1,1995,1995
Narayan Sastry,1,65,1,1997,1997
Germana Sánchez,1,65,1,1995,1995
S. Philip Morgan,2,65,2,1984,1996
Nyovani J. Madise,2,64,2,1999,2012
Dana A. Glei,1,64,1,2007,2007
Zoë Matthews,2,64,2,1999,2012
Naomi Williams,1,64,1,1995,1995
Stan R. Becker,3,64,3,1986,2008
Shiva Halli,2,64,1,1997,1999
James W. Wood,2,64,2,1988,1990
James Lee,1,63,1,1994,1994
Siu Lan Karen Cheung,1,63,1,2007,2007
Chirayath M. Suchindran,6,63,3,1979,1985
M. W. Beaver,1,62,1,1973,1973
Rajib Acharya,1,62,1,2006,2006
William George Axinn,2,62,2,1993,1998
Sagri Singh,1,62,1,2006,2006
Sonalde Desai,1,62,1,1995,1995
Massimo Livi Bacci,2,62,2,1968,1968
Peter E. Razzell,2,61,2,1972,1974
Kim Streatfield,1,61,1,1991,1991
Michael J. White,2,61,2,1999,2006
Luis R. Rosero-Bixby,1,60,1,1993,1993
Heather H. Gatny,1,60,1,2013,2013
Juho Härkönen,2,60,1,2008,2020
Ronald R. Rindfuss,4,60,4,1980,1986
Christine L. Himes,1,60,1,1994,1994
Alain Blum,3,60,3,1989,1996
Thomas J. Espenshade,4,60,4,1972,1988
Gretchen A. Condran,1,60,1,1994,1994
Charles F. Westoff,6,59,4,1956,1987
Zhongwei Zhao,5,59,4,1994,2004
Tiziana Leone,1,59,1,2011,2011
John C. Caldwellt,1,59,1,1992,1992
Kirsty McNay,1,59,1,2003,2003
Jingyuan Yu,1,59,1,1987,1987
Stuart Gietel-Basten,5,59,4,2013,2019
France Meslé,4,59,3,1999,2020
S. Ryan Johansson,1,59,1,1987,1987
Arokiasamy Perianayagam,1,59,1,2003,2003
Jaap Dronkers,1,59,1,2008,2008
Robert H. Cassen,1,59,1,2003,2003
Christophe Z. Guilmoto,4,59,2,1998,2020
Takudzwa S. Sayi,1,59,1,2012,2012
Kathleen Ford,1,58,1,1987,1987
R. J. Roshier,2,58,2,1966,1966
Vladimir Canudas-Romo,6,58,4,2005,2020
J. Stern,1,58,1,1983,1983
B. D. Misra,2,58,2,1980,1984
Susan E. Short,2,58,2,2000,2004
Hubert A. Allen,1,58,1,1987,1987
Brenda Davis Root,1,58,1,1991,1991
Peter Streble,1,58,1,1987,1987
Evert van Imhoff,3,58,3,1992,1997
George B. Simmons,2,58,2,1980,1984
Jane A. Menken,3,58,3,1987,1997
William R. Lavely,3,58,3,1984,2001
Tom Zhuwau,1,57,1,1999,1999
Stephen K. Chandiwana,1,57,1,1999,1999
Jane E. Miller,3,57,2,1989,1995
Julia Dayton,1,57,1,2005,2005
Jane Gilbert Mauldon,1,56,1,1992,1992
Barrie M. Margetts,1,56,1,1999,1999
Judah Matras,4,56,4,1960,1965
Daniel C. Clay,2,56,2,1992,1993
Hill Kulu,4,56,3,2007,2019
Lin Jiang,1,56,1,1995,1995
Carole Feldmann,1,56,1,1993,1993
Douglas C. Ewbank,2,56,2,1982,1983
Julian L. Simon,5,56,3,1969,1983
Jacques Légaré,2,55,2,1990,1997
Vijayendra Rao,1,55,1,1993,1993
Helen P. Koo,2,55,2,1984,1985
John C. Brown,1,55,1,2002,2002
Andrew J. Cherlin,1,55,1,1999,1999
Janet D. Griffith,2,55,2,1984,1985
Charles Hirschman,3,55,3,1980,2001
Nasra M. Shah,1,54,1,1983,1983
Ron J. Lesthaeghe,2,54,2,1971,1980
Emily M. Agree,2,54,2,2005,2010
Ian M. Tamæus,1,54,1,2003,2003
Satvika Chalasani,3,54,3,2012,2020
Florentina Reyes Salvail,1,54,1,1983,1983
Joseph Chamie,2,53,2,1977,1986
Angelique Wei Ming Chan,1,53,1,2002,2002
Mary Beth Ofstedal,1,53,1,2002,2002
John R. Wilmoth,2,53,2,1995,2012
Norman H. Carrier,6,53,4,1955,1972
Bui The Cuong,1,52,1,2000,2000
A. Meredith John,3,52,3,1987,1990
June L. Sklar,1,52,1,1974,1974
Arpita Chattopadhyay,1,52,1,2006,2006
Cornelius Y. Debpuur,1,52,1,2006,2006
Joel B. Greenhouse,1,52,1,1994,1994
C. H. Lee,1,52,1,1991,1991
Bertrand Desjardins,2,52,2,1990,1995
Samuel J. Clark,3,52,2,1995,2018
Katherine A. Lynch,1,52,1,1994,1994
Laurent Toulemon,1,52,1,2008,2008
Truong Si Anh,1,52,1,2000,2000
Jed Friedman,1,52,1,2000,2000
Laurie F. DeRose,3,51,2,2002,2017
Stamatis Kalogirou,1,51,1,2007,2007
Tineke Fokkema,1,51,1,2005,2005
Calvin Goldscheider,2,51,2,1978,1979
Jeroen K. Vermunt,1,51,1,2001,2001
Helen Ware,3,51,3,1973,1977
Wilma H. Smeenk,1,51,1,2001,2001
Ronald R. Rindfuss,4,51,4,1984,2012
George Groenewold,1,51,1,2005,2005
Nicholas F.R. Crafts,5,50,4,1975,1989
Marta Styrc,1,50,1,2014,2014
Daniele Vignoli,1,50,1,2014,2014
Frans J.C. Willekens,4,50,3,1982,2017
Alex de Waal,1,50,1,1989,1989
Alexander J. Mercer,2,49,2,1985,1986
Arieke J. Rijken,1,49,1,2009,2009
Angela Reynar,1,49,1,1998,1998
James Leer,1,48,1,1995,1995
Arusyak Sevoyan,1,48,1,2010,2010
Pauline Airey,1,48,1,1999,1999
J. C. Gomez de Leon,1,48,1,1983,1983
Mikko Myrskylä,6,48,4,2014,2020
H. Gille,4,48,2,1948,1952
Jiajian Chen,2,48,2,2007,2010
Yuan Jianhua,1,48,1,1994,1994
Damien de Walque,1,47,1,2006,2006
Susan C.M. Scrimshaw,1,47,1,1975,1975
Taro Fukaya,1,47,1,2006,2006
Erika Kobayashi,1,47,1,2006,2006
Satomi Sakamoto,1,47,1,1996,1996
Jersey Liang,1,47,1,2006,2006
Joan M. Bennett,1,47,1,2006,2006
Naohiro Ogawa,1,47,1,1996,1996
Peter J. Donaldson,5,47,3,1978,2002
Joshua R. Goldstein,3,47,3,2006,2018
Robert F. Schoeni,1,47,1,2006,2006
B. Midi Berry,1,47,1,1971,1971
Hidehiro Sugisawa,1,47,1,2006,2006
George Stephan Masnick,2,47,2,1969,1971
Michael Lipton,1,46,1,2011,2011
Liu Li,1,46,1,1994,1994
Zvi Eisenbach,2,46,2,1979,2002
Robert K. Eastwood,1,46,1,2011,2011
Liang Zhiwu,1,46,1,1994,1994
Bhanu B. Niraula,1,46,1,1996,1996
Richard Wall,1,45,1,1989,1989
Linda Meyers,1,45,1,1985,1985
Thayer Scudder,1,45,1,1995,1995
John A. Hostetler,2,45,2,1966,1979
Narindar U. Kelly,1,45,1,1976,1976
Gareth Jones,3,45,2,2003,2007
Gertrude E. Huntington,2,45,2,1966,1979
A. Roger Thatcher,1,45,1,1992,1992
Carl E. Taylor,1,45,1,1976,1976
Patricio Vela,1,45,1,1971,1971
Alfredo Pérez,1,45,1,1971,1971
Mohamed Mahmoud Ali,3,45,2,2003,2007
Jerzy Berent,3,45,3,1952,1970
Liesbeth Steenhof,1,45,1,2008,2008
Jeanne S. Newman,1,45,1,1976,1976
Elizabeth Colson,1,45,1,1995,1995
James Lee,1,45,1,1995,1995
Nicola Terceira,1,44,1,2003,2003
Fjalar S.A. Finnäs,4,44,3,1991,2018
Monique Borgerhoff Mulder,1,44,1,1989,1989
Georgia Verropoulou,3,44,2,2010,2019
Peter R. Mason,1,44,1,2003,2003
Lincoln H. Day,3,44,2,1965,1986
Jackie Li,2,43,2,2013,2016
Ferdinando Regalia,1,43,1,2007,2007
Gilles Pison,2,43,2,1985,2014
Philip Kreager,3,43,3,1988,2015
Elizabeth Overton,1,43,1,1985,1985
Jessica Erin Todd,1,43,1,2007,2007
Abhishek Singh,1,42,1,2012,2012
Flávia Cristina Drumond Andrade,1,42,1,2004,2004
José Alberto Magno de Carvalho,1,42,1,2004,2004
Charles H. Wood,1,42,1,2004,2004
P. H. Karmel,4,42,3,1947,1948
Nurul Hoque Alam,1,42,1,1990,1990
Bidhubhusan Mahapatra,1,42,1,2012,2012
Etienne Van de Walle,1,42,1,1989,1989
Aude Bernard,2,42,2,2014,2017
Flávia Cristina,1,42,1,2004,2004
Lokky Wai,1,42,1,1990,1990
Francesco Scalone,3,41,3,2014,2017
Jyotsnarnoy Chakraborty,1,41,1,1978,1978
Steven Cherry,3,41,3,1972,1980
Oiva Turpeinen,2,41,2,1978,1979
H. V. Muhsam,3,41,2,1951,1960
Karsten Hank,1,41,1,2010,2010
Evgeny M. Andreev,2,40,2,2004,2011
Roderick J.A. Little,1,40,1,1984,1984
John Peel,2,40,2,1963,1964
Jim E. Oeppen,2,40,2,1993,2019
Christabel M. Young,2,40,2,1975,1991
Alain Monnier,1,40,1,1989,1989
Wendy Post,1,40,1,1997,1997
Philip Howell Rees,2,40,2,2000,2014
Brendan M. Walsh,2,40,2,1970,1995
Martin Kolk,3,40,2,2014,2020
Ellen Kruse,1,40,1,1997,1997
Thomas A. Mroz,1,39,1,1990,1990
Karla Oosterveen,1,39,1,1973,1973
Philip Verwimp,1,39,1,2004,2004
Douglas A. Wolf,1,38,1,2011,2011
F. van Heek,1,38,1,1956,1956
Francine van de Walle,2,38,2,1975,1989
Sanna L. Read,2,38,1,2011,2020
Arland D. Thornton,2,38,2,1977,2012
Marwan K. Khawaja,1,38,1,2000,2000
Mary F. Hollingsworth,1,38,1,1971,1971
Eric de Cooman,1,38,1,1987,1987
Wayan Suriastini,1,37,1,2005,2005
Renata T. Forste,1,37,1,1994,1994
Alan Gray,3,37,2,1986,1989
G. Ohlin,1,37,1,1961,1961
Timothy J. Halliday,1,37,1,2008,2008
Paul A. Samuelson,2,37,1,1976,1976
Michael C. Kimmitt,1,37,1,2008,2008
Susan H. Jayne,1,37,1,1997,1997
Sara Peracca,1,37,1,1999,1999
R. H. Gray,2,37,1,1974,1975
Duncan Thomas,1,37,1,2005,2005
Alexander L. Clark,1,37,1,1964,1964
Rossarin Soottipong Gray,1,37,1,1999,1999
J. Anson,2,37,2,1991,2004
Porntip Sriwatcharin,1,37,1,1999,1999
Paul Wallin,1,37,1,1964,1964
P. Cartwright,1,36,1,1978,1978
James Franklin Phillips,1,36,1,1996,1996
Ann E. Biddlecom,1,36,1,2005,2005
Thomas William Valente,1,36,1,2005,2005
Thomas K. LeGrand,1,36,1,1996,1996
Hongyan Liu,1,36,1,2007,2007
K. de Nevers,1,36,1,1978,1978
V. Arbon,1,36,1,1978,1978
Sajeda Amin,2,36,2,1998,2004
Phillip Neal Ritchey,1,36,1,1975,1975
Zhenming Xie,1,36,1,2007,2007
John B. Wyon,1,36,1,1965,1965
Otis Dudley Duncan,1,36,1,1957,1957
John E. Gordon,1,36,1,1965,1965
Dean L. May,1,36,1,1978,1978
William P.D. Logan,1,35,1,1950,1950
David Goldberg,1,35,1,1959,1959
Donald J. Morse,2,35,2,1993,1993
Norman Y. Luther,2,35,2,1988,1990
John B. Post,1,35,1,1971,1971
Ann Klimas Blanc,2,35,2,2017,2019
George M. Walker,1,35,1,1991,1991
Eugene P. Ericksen,1,35,1,1979,1979
Julia A. Ericksen,2,35,1,1979,1980
Yuan Y. Tien,1,35,1,1984,1984
Katherine L. Bourne,1,35,1,1991,1991
Violetta Hionidou,2,35,2,1998,2002
Neil G. Bennett,1,34,1,1983,1983
Marcus Blake,1,34,1,2000,2000
Kathleen Kahn,1,34,1,2002,2002
G. W. Roberts,3,34,3,1948,1966
Nicholas W. Townsend,1,34,1,2002,2002
Oliver Duke-Williams,1,34,1,2000,2000
David E. Bloom,1,34,1,1983,1983
Phillip R. Kunz,2,34,2,1974,1976
Alauddin K.M. Chowdhury,1,34,1,1986,1986
N. Keilman,3,34,3,1994,2001
W. Stys,1,34,1,1957,1957
Youssef Courbage,2,34,2,1979,1997
,1,34,1,1997,1997
Philip C. Sagi,3,34,3,1961,1962
Fengyu Zhang,1,34,1,2004,2004
Mary Beth Weinberger,1,34,1,1978,1978
S. A. Meegama,4,34,2,1967,1979
Baron L. Moots,1,34,1,1978,1978
Stephen Meir Tollman,1,34,1,2002,2002
Sofi Ohlsson-Wijk,1,33,1,2011,2011
Clyde V. Kiser,2,33,2,1953,1956
Graziella Caselli,2,33,2,2006,2011
Roger C. Avery,2,33,1,1981,1982
Weiguo Zhang,1,33,1,2000,2000
G. Littman,1,33,1,1979,1979
Alicia Menendez,1,33,1,2011,2011
Barry Michael Popkin,2,32,2,1986,1988
James A. Palmore,2,32,2,1982,1986
Susheela D. Singh,3,32,2,1979,1985
Bowman A. Jannetta,1,32,1,1991,1991
Tomas Frejka,3,32,2,1968,2005
John S. Akin,2,32,2,1986,1988
William Sander,1,32,1,1992,1992
François Nault,1,32,1,1990,1990
Charles A. Calhoun,1,32,1,1988,1988
Terence H. Hull,2,31,2,1977,1977
Riccårdo Capocaccia,1,31,1,1989,1989
Enid J. Schatz,2,31,2,2009,2012
Katia Begall,1,31,1,2010,2010
Patricia H. David,1,31,1,1996,1996
Bernard Berelson,3,31,3,1971,1980
Cécile de Sweemer,1,31,1,1984,1984
Atiqur Rahman Khan,1,31,1,1976,1976
Graziella Caselli,1,31,1,1989,1989
Pascal K. Whelpton,1,31,1,1953,1953
Lee Jay Cho,2,31,2,1978,1988
Cheryl Elman,1,31,1,1995,1995
Ruud Luijkx,1,31,1,2005,2005
Jeanne Clare Ridley,1,31,1,1966,1966
Bunsong Lee,1,31,1,1984,1984
J. William Leasure,1,31,1,1963,1963
Gavin W. Jones,3,31,3,1977,1983
Janet W. Salaff,3,31,3,1972,1976
Elin Charles-Edwards,1,31,1,2014,2014
Stephen C. Farber,1,31,1,1984,1984
Helga A.G. De Valk,2,31,2,2007,2017
James N. Gribble,1,31,1,1993,1993
Shige Song,2,31,2,2008,2013
Shreeniwas Sudha,1,30,1,1997,1997
John E. Stoeckel,2,30,2,1972,1980
Catherine Panter-Brick,1,30,1,1996,1996
Andrea Tyree,1,30,1,1973,1973
Hilary Page,2,30,2,2001,2008
Patrick Lusyne,2,30,2,2001,2008
S. Ahmed,2,30,2,2001,2008
Srinivasa Ambirajan,1,29,1,1976,1976
Anne Emmanuèle Calvès,1,29,1,1999,1999
Avraham Y. Ebenstein,3,29,3,2013,2015
Robert Schoen,3,29,3,1984,2005
Nan Li,2,29,2,1999,2003
S. J. Kilpatrick,1,29,1,1962,1962
Zhenchao Qian,1,29,1,1997,1997
Bo Wang,1,29,1,2006,2006
Jing Li,1,29,1,2006,2006
Faujdar Ram,1,29,1,2011,2011
Domantas Jasilionis,1,29,1,2011,2011
Nandita Saikia,1,29,1,2011,2011
Toni Richards,1,29,1,1977,1977
M. Giovanna Merli,1,29,1,2006,2006
Nan E. Johnson,1,29,1,1992,1992
Sara Hertog,1,29,1,2006,2006
Guido Pinto Aguirre,2,29,2,1996,1998
David Yaukey,4,29,3,1965,1979
Malena Monteverde,1,28,1,2009,2009
Nancy Grey Osterud,1,28,1,1976,1976
Nicoletta Balbo,1,28,1,2011,2011
Dallas F S Fernando,2,28,2,1972,1975
Verne E. Nelson,1,28,1,1974,1974
Kenya Valéria Micaela De Souza Noronha,1,28,1,2009,2009
John Landers,1,28,1,1987,1987
Yao Lu,1,28,1,2010,2010
T. E. Smith,1,28,1,1960,1960
Nadezhda Aleshina,1,28,1,2005,2005
Sayed Babur Hussain,1,28,1,1976,1976
Hugh Davies,1,28,1,2000,2000
John Fulton,1,28,1,1976,1976
George T. Curlin,1,28,1,1976,1976
Romana Peronaci,1,28,1,2000,2000
J. Byrne,1,28,1,1966,1966
James E. Smith,1,28,1,1976,1976
Roy E. Jones,2,28,2,1976,1980
Gerry Redmond,1,28,1,2005,2005
B. W. Higman,1,28,1,1973,1973
Isabelle Robert-Bobée,1,27,1,2010,2010
Victoria A. Velkoff,1,27,1,1995,1995
Paola DiGiulio,1,27,1,2010,2010
Ralph R. Sell,4,27,2,1977,1978
Encarnacion Aracil,1,27,1,2010,2010
J. David Hacker,1,27,1,2014,2014
John W. Budd,1,27,1,1991,1991
Jane E. Vander Haar,1,27,1,1993,1993
Susan de Vos,1,27,1,1987,1987
Lienping Chow,4,27,3,1965,1974
Baai Shyun Hurng,1,27,1,2011,2011
Christine Couet,1,27,1,2010,2010
Timothy B. Gage,2,27,2,1986,1993
Sam Shapiro,2,27,1,1950,1954
Christos Bagavos,1,27,1,2010,2010
Steve Smallwood,1,27,1,2010,2010
Michael S. Rendall,1,27,1,2010,2010
Michael S. Teitelbaum,2,27,2,1974,2015
Alessandra De Rose,1,27,1,2010,2010
Isabelle Attané,1,27,1,2009,2009
Marit Rönsen,1,27,1,2010,2010
Martin Piotrowski,2,26,2,2007,2012
Sigismund Feller,1,26,1,1948,1948
Mie Inoue,1,26,1,2012,2012
Cheryl Chriss Sawyer,1,26,1,2012,2012
Geoff Peter Garnett,1,26,1,1994,1994
Quanbao Jiang,1,26,1,2015,2015
Sören Edvinsson,1,26,1,2005,2005
Dora Kostova,1,26,1,2008,2008
Richard E. Bilsborrow,1,26,1,1986,1986
Anders Brändström,1,26,1,2005,2005
Sarah Zureick,1,26,1,2012,2012
Monica J. Grant,3,26,2,2012,2020
Ken Robert Smith,2,26,2,2015,2017
Göran Broström,1,26,1,2005,2005
Li Bohua,2,26,2,1988,2010
Wolfgang Lutz,3,26,3,1987,2015
John Rogers,1,26,1,2005,2005
Heidi A. Hanson,2,26,2,2015,2017
David A. May,1,26,1,1968,1968
John Lievens,1,25,1,2001,2001
Germán Rodriguezt,1,25,1,1988,1988
D. Walter Rasugu Omariba,1,25,1,2014,2014
I. Shah,1,25,1,1982,1982
Serhii Pyrozhkov,1,25,1,2002,2002
P. Ramachandrant,1,25,1,1982,1982
Bilkis Vissandjée,1,25,1,2014,2014
Roberta Torre,1,25,1,2014,2014
Sandra González-Bailõn,1,25,1,2013,2013
Guido Alfani,2,25,2,2010,2019
Derek F.M. Roberts,2,25,2,1959,1971
Charles Wick Warren,2,25,2,1988,1992
S. H. Cousens,1,25,1,1960,1960
Herman E. Daly,2,25,2,1971,1985
Daniel D. Greenfield,1,25,1,1990,1990
Jacques Vallin,1,25,1,2002,2002
Nikolai Botev,1,25,1,1990,1990
J. Timothy Johnson,2,25,2,1988,1992
Samar K. Datta,1,25,1,1984,1984
Peter Anthony Lachenbruch,2,25,2,1967,1968
Rebecca Sear,3,25,2,2015,2019
Anna Klabunde,3,25,2,2017,2017
John C. Haskey,1,25,1,1984,1984
Jeffrey B. Nugent,1,25,1,1984,1984
Tommy E. Murphy,1,25,1,2013,2013
Serguei Adamets,1,25,1,2002,2002
Philippe Fargues,3,25,2,1979,1990
Edward Ng,1,25,1,2014,2014
Paul Huck,1,25,1,1994,1994
J. M. Shah,1,25,1,1982,1982
Celeste M. Smucker,1,24,1,1980,1980
Ole Jørgen Benedictow,1,24,1,1987,1987
John Blacker,1,24,1,2005,2005
Lilach Lion Elmakias,1,24,1,2002,2002
Momodou Jasseh,1,24,1,2005,2005
Heta Moustgaard,1,24,1,2009,2009
Jakub Bijak,3,24,2,2016,2017
Helena Chojnackm,1,24,1,1980,1980
John Ssekamatte-Ssebuliba,1,24,1,2005,2005
Stan J. Bernstein,1,24,1,1980,1980
Ma Linmao,1,24,1,2000,2000
Frank L. Mott,2,24,2,1972,1983
Guang Guo,1,24,1,1993,1993
Georges Reniers,2,24,1,2014,2020
Adenola A. Igun,2,24,2,1970,1971
Bertram Hutchinson,4,24,3,1957,1961
Andy Sloggett,1,24,1,2005,2005
Howard I. Goldberg,2,24,1,1984,2011
Yu Wentao,1,24,1,2000,2000
Noriko O. Tsuya,1,24,1,1991,1991
Ghyasuddin Ahmed,1,24,1,1999,1999
Collins O. Opiyo,1,24,1,2005,2005
Valerie J. Hull,1,24,1,1977,1977
Rachel M. Pierce,2,24,2,1961,1961
Bruno Masquelier,1,24,1,2014,2014
Tapani Valkonen,1,24,1,2009,2009
Warren C. Sanderson,1,23,1,1990,1990
James J.C. Lewis,1,23,1,2004,2004
Premchand Dommaraju,1,23,1,2008,2008
B. Casterline,1,23,1,1985,1985
John G. Cleland,1,23,1,1985,1985
Leo Morris,1,23,1,1984,1984
François Pelletier,1,23,1,1997,1997
Eric R. Jensen,1,23,1,2004,2004
Anne R. Pebley,2,23,2,1981,1985
Nicholas C. Grassly,1,23,1,2004,2004
Helena Temkin-Greener,1,23,1,1978,1978
Kryštof Zeman,2,23,2,2016,2018
Mary Mahy,1,23,1,2004,2004
Robert R. Bourbeau,1,23,1,1997,1997
Zuzanna Brzozowska,2,23,2,2016,2018
Dennis A. Ahlburg,1,23,1,2004,2004
Jessica D. Gipson,1,23,1,2009,2009
Kia I. Reinis,2,23,2,1992,1994
Xiao Zhenyu,1,23,1,1988,1988
Wei-Min Zhang,1,23,1,1990,1990
Jennifer E. Glick,1,23,1,2008,2008
Alan C. Swedlund,1,23,1,1978,1978
Huang Cheng,1,23,1,2009,2009
Warren M. Hern,1,23,1,1992,1992
Walter Rodrigues,1,23,1,1984,1984
Antônio Márcio Tavares Thomé,1,23,1,1984,1984
Steven L. Hoch,1,23,1,1998,1998
Susan B. Hanley,1,23,1,1974,1974
Jon Pedersen,1,23,1,1995,1995
Paul A. David,1,23,1,1990,1990
Fernando González-Quinones,1,23,1,2003,2003
Neff P. Walker,1,23,1,2004,2004
Michelle Hindin,1,23,1,2009,2009
Ian M. Timaæus,1,23,1,2004,2004
Ana M. Ferrer,1,23,1,2014,2014
Barbara Janowltz,1,23,1,1984,1984
Reiner Hans Dinkel,1,22,1,1985,1985
G. M. Jovellanos,1,22,1,1968,1968
Sara E. Yeatman,1,22,1,2012,2012
Elizabeth Stadulis,1,22,1,1952,1952
Rachel Sullivan Robinson,1,22,1,2008,2008
Lee A. Lillard,1,22,1,1995,1995
Renzo Derosas,2,22,2,2009,2010
Allan Puur,3,22,2,2016,2020
H. W. Dalrymple,1,22,1,1968,1968
Constantijn W.A. Panis,1,22,1,1995,1995
A. Meijide Pardo,1,22,1,1968,1968
Iliana V. Kohler,1,22,1,2011,2011
Hilde A.J. Bras,1,22,1,2007,2007
Pavel Vereš,1,22,1,1990,1990
Nancy Luke,1,22,1,2010,2010
Thomas W. Pullum,3,22,3,1981,1999
T. R. Balakrishnan,3,22,3,1969,1978
Ludmila Fialová,1,22,1,1990,1990
Yinon Cohen,1,22,1,2001,2001
Karen Leslie Kramer,1,22,1,2008,2008
Paul W. Stupp,2,22,1,1985,2011
Hongwei Xu,1,22,1,2010,2010
Osamu Saito,1,22,1,1996,1996
L. Labrada,1,22,1,1968,1968
R. Herr,1,22,1,1968,1968
Zdeněk Pavlík,1,22,1,1990,1990
Muriel Neven,1,22,1,2007,2007
Yitchak Haberfeld,1,22,1,2001,2001
D. Shapirot,1,21,1,1983,1983
Constantinos Kallis,1,21,1,2006,2006
Heather Joshi,1,21,1,2006,2006
C. W. Smith,1,21,1,1983,1983
Fiona Steele,1,21,1,2006,2006
Jianghong Li,1,21,1,2001,2001
Anton Eduard Kunst,1,21,1,2007,2007
Harvey Goldstein,1,21,1,2006,2006
Jianke Li,1,21,1,2001,2001
Jennifer A. Holland,2,21,2,2011,2017
A. M. Henderson,2,21,2,1949,1950
Mark Spoerer,2,21,2,2002,2006
Lois E. Paul,1,21,1,1987,1987
Richard Leete,2,21,2,1986,1987
C. J. Martin,3,21,3,1949,1953
Jenna E. Nobles,1,21,1,2009,2009
C. Shannon Stokes,2,21,2,1973,1986
Alison Meredith Buttenheim,1,21,1,2009,2009
Fanny Janssen,1,21,1,2007,2007
W. D. Borrie,2,21,2,1957,1959
Sig J. Prais,1,20,1,1955,1955
Elise F. Jones,2,20,2,1981,1982
B. Kuate Defo,2,20,1,1992,2006
Benjamin D. Clark,1,20,1,2009,2009
Robert Ross,1,20,1,1975,1975
Susan L. Norton,1,20,1,1971,1971
David Leon,2,20,2,2011,2014
Arjan Gjonça,1,20,1,2001,2001
Sarah A. Burgard,1,20,1,2008,2008
Elsa S. Turner,1,20,1,1965,1965
Jeffrey G. Williamson,1,20,1,1984,1984
H. E. Hallam,1,20,1,1985,1985
David Canning,1,20,1,2011,2011
Richard F. Tomasson,1,20,1,1977,1977
Eva Mueller,1,20,1,1972,1972
Flann Campbell,1,20,1,1960,1960
Kristen S. Harknett,1,20,1,2014,2014
Harvey H. Marshall,1,20,1,1977,1977
Henry B.M. Murphy,2,20,2,1951,1952
Jane Cecelia Falkingham,1,20,1,2001,2001
Robert M. Jiobu,2,20,1,1977,1979
Shmuel Noah Eisenstadt,1,20,1,1953,1953
Hannaliis Jaadla,3,20,2,2016,2020
Susan Cotts Watkins,1,20,1,1981,1981
Caroline Sten Hartnett,1,20,1,2014,2014
Gerard J. Van Den Berg,1,19,1,2013,2013
Theo L.M. Engelen,1,19,1,1986,1986
Jessica Nisén,3,19,2,2014,2020
Sarah A. McKinnon,1,19,1,2008,2008
Danielle Gauvreau,2,19,1,2017,2018
Unnati Rani Saha,2,19,2,2011,2014
Sumit Guha,1,19,1,1993,1993
R. A. Henin,1,19,1,1969,1969
Anthony H. Richmond,2,19,2,1964,1968
Carl Paul Schmertmann,2,19,2,1992,2013
Gustav Feichtinger,1,19,1,1992,1992
Eva M. Bernhardt,1,19,1,1972,1972
André L.J. Langaney,1,19,1,1985,1985
J. H A Hillebrand,1,19,1,1986,1986
John R. Bryant,1,19,1,2016,2016
C. E.V. Leser,3,19,2,1955,1958
E. J M Buckatzsch,2,19,1,1947,1951
Raymond Firth,1,19,1,1957,1957
Lambert H. Lumey,1,19,1,2013,2013
Gunter Steinmann,1,19,1,1992,1992
Arthur H.O. van Soest,2,19,2,2011,2014
Robert McCaa,1,19,1,1989,1989
Ted A. Telford,1,19,1,1992,1992
Seymour L. Wolfbein,1,19,1,1949,1949
Paul A. Compton,1,19,1,1985,1985
Virginia Garrard-Burnett,1,19,1,2008,2008
James Spillius,1,19,1,1957,1957
Neil H. Thomas,2,19,2,1991,1993
D. Guz,1,19,1,1991,1991
Ladislav T. Ruzicka,1,19,1,1976,1976
Solveig Argeseanu Cunningham,1,18,1,2010,2010
Nicola Shelton,1,18,1,2001,2001
Céline Le Bourdais,1,18,1,1998,1998
H. Silcock,4,18,1,1952,1959
Francis O. Obare,1,18,1,2010,2010
Lucia Pozzi,1,18,1,2017,2017
Michal Engelman,1,18,1,2010,2010
Marco Breschi,1,18,1,2017,2017
Kobus Herbst,1,18,1,2010,2010
Thomas N. Maloney,1,18,1,2017,2017
Gérard Calot,1,18,1,1982,1982
Jan M. Saarela,2,18,2,2005,2018
Frank Lancaster Jones,1,18,1,1991,1991
Pradip K. Muhuri,1,18,1,1997,1997
Chantal Blayo,1,18,1,1982,1982
James Allman,2,18,2,1978,1979
Omar Rahman,1,18,1,1999,1999
David M. Bishai,1,18,1,2010,2010
Shripad D. Tuljapurkar,1,18,1,1999,1999
Elwood D. Carlson,2,18,1,1979,2010
Peter F. Thorbahn,1,18,1,1975,1975
Heather Juby,1,18,1,1998,1998
Louis Henry,3,18,2,1964,1980
Harriet Birungi,1,18,1,2010,2010
Hélène Vézina,1,18,1,2017,2017
Mary E. Cookingham,1,18,1,1984,1984
Wen L. Li,1,18,1,1973,1973
F. D’arcy,1,18,1,1977,1977
Mariachiara Di Cesare,1,18,1,2012,2012
Stanislao Mazzoni,1,18,1,2017,2017
Ann Bowman Jannetta,1,18,1,1992,1992
Allan Schnaiberg,2,18,2,1973,1974
Jonathan Haughton,1,18,1,1997,1997
Joseph Molitoris,1,18,1,2017,2017
Alain R. Gagnon,1,18,1,2017,2017
Ralph H. Faulkingham,1,18,1,1975,1975
Daewoo Han,1,17,1,1982,1982
Pedro Luis Iriso-Napal,1,17,1,1989,1989
J. Marcotte,1,17,1,1984,1984
Hannes Hyrenius,3,17,2,1949,1958
W. John Paget,1,17,1,1994,1994
Barbara Entwisle,1,17,1,2012,2012
Katherine Faust,1,17,1,2012,2012
M. Massagli,1,17,1,1984,1984
Glenn Sandström,2,17,2,2015,2018
David P. Smith,1,17,1,1981,1981
Myriam Khlat,2,17,2,1989,1997
Farzana Afridi,1,17,1,2010,2010
Jeffrey Edmeades,1,17,1,2012,2012
John D. Buissink,1,17,1,1971,1971
Domenica Rasulo,1,17,1,2006,2006
Alfred Sauvy,2,17,1,1948,1951
Frances E. Kobrin,1,17,1,1981,1981
Amandine Cournil,1,17,1,2006,2006
David Thomas,1,17,1,1972,1972
Ethan Jennings Sharygin,1,17,1,2013,2013
Robin F. Haines,1,16,1,1994,1994
Amon Ergashev,1,16,1,1996,1996
Alena Heitlinger,1,16,1,1976,1976
Felix C. Tropf,1,16,1,2015,2015
Harvey Leibenstein,3,16,2,1969,1971
David J. Lunn,1,16,1,1998,1998
Carol E. Kaufman,1,16,1,2000,2000
Martin Bolte,1,16,1,1959,1959
G. Edward Ebanks,3,16,1,1970,1974
Julian Bharier,1,16,1,1968,1968
R. A. Renin,1,16,1,1968,1968
Peter Skol̈d,1,16,1,1996,1996
Harold Snieder,1,16,1,2015,2015
Susan Scott,1,16,1,2000,2000
Nan E. Johnsoni,1,16,1,1985,1985
Jornt J. Mandemakers,1,16,1,2015,2015
Travis St.Clair,1,16,1,2013,2013
Suewen Lean,1,16,1,1985,1985
Rodolfo A. Bulatao,1,16,1,1986,1986
C. J. Duncan,1,16,1,2000,2000
Wayne A. Schutjer,1,16,1,1986,1986
Nicola Barban,1,16,1,2015,2015
Christopher N. Avery,1,16,1,2013,2013
George C. Myers,2,16,2,1962,1966
Liz Middleton,1,16,1,1998,1998
Michael J. Levin,2,16,1,2013,2016
Cicely Watson,6,16,2,1952,1954
Sergio Díaz-Briquets,1,16,1,1981,1981
Mushtaque Raja Chowdhury,1,16,1,1997,1997
Nathalie E. Williams,1,16,1,2013,2013
Denis Peter Mazur,3,16,2,1967,1975
Norman B. Ryder,2,16,2,1984,1985
Elena Dolkigh,1,16,1,1996,1996
Torkild Hovde Lyngstad,2,16,2,2009,2018
Marc Luy,1,16,1,2011,2011
Stephen N. Simpson,1,16,1,1998,1998
S. M. Farid,3,16,2,1973,1976
Gerhard Baumert,1,16,1,1959,1959
J. A. Banks,1,15,1,1954,1954
Shyam Thapa,1,15,1,1982,1982
William Griffiths,1,15,1,1965,1965
Nicholas N. Dodge,1,15,1,1980,1980
Kate Hampshire,1,15,1,2000,2000
Donatien Béguy,1,15,1,2017,2017
Grant M. Farr,1,15,1,1980,1980
Kelly A. Musick,1,15,1,2014,2014
Byron J. Good,1,15,1,1980,1980
Donald W. Hastings,2,15,2,1971,1972
Olive L. Banks,1,15,1,1954,1954
William H. James,1,15,1,1966,1966
R. D. Retherfordt,1,15,1,1982,1982
Caroline W. Kabiru,1,15,1,2017,2017
Shelley D. Clark,1,15,1,2017,2017
Alan R. Sweezy,1,15,1,1971,1971
Abdelmegid M. Farrag,2,15,2,1959,1964
,1,15,1,1992,1992
Irene Barnes Taeuber,2,15,2,1947,1960
Mary E. Deeb,1,15,1,1997,1997
Les D. Mayhew,2,15,2,2013,2015
D. Lam,1,15,1,1983,1983
Mary Jo DelVecchio Good,1,15,1,1980,1980
Gwendolyn Z. Johnson,1,15,1,1964,1964
David Smith,2,15,2,2013,2015
Katherine M. Michelmore,1,15,1,2014,2014
Duolao Wang,1,15,1,2001,2001
Beryl J. Roberts,1,15,1,1965,1965
Mark Gross,1,15,1,2017,2017
Juris Krūmiņš,1,15,1,1992,1992
Bruce K. Caldwell,1,14,1,2003,2003
W. G. Emmett,2,14,2,1950,1954
Joseph F. Donnermeyer,1,14,1,1996,1996
Christa Katharina Spieß,1,14,1,1998,1998
Matthias Leuchter,1,14,1,2017,2017
Véronique Hertrich,2,14,1,2012,2020
Sabine Zinn,1,14,1,2017,2017
P. M. George,1,14,1,1974,1974
J. Mayone Stycos,3,14,3,1978,1983
Roger A.P. Finlay,1,14,1,1978,1978
Colter M. Mitchell,1,14,1,2012,2012
Jan I. Ondrich,1,14,1,1998,1998
Gugulethu Gule,1,14,1,1992,1992
Ian Timaeæust,1,14,1,1991,1991
Ephraim Hlophe,1,14,1,1992,1992
David Shapiro,1,14,1,1996,1996
Dmitri A. Jdanov,1,14,1,2011,2011
Doris P. Slesinger,1,14,1,1961,1961
Marie Lesclingand,1,14,1,2012,2012
N. Krishnan Namboodiri,2,14,2,1970,1972
Dirgha J. Ghimire,1,14,1,2012,2012
Danié̈le Bèlanger,1,14,1,2009,2009
Stefanie A. Kley,1,14,1,2017,2017
Samson W. Wasao,1,14,1,1996,1996
Charles E. Nobbe,1,14,1,1974,1974
Weixiang Luo,1,14,1,2014,2014
,1,14,1,1988,1988
Guo Zhigang,1,14,1,1997,1997
Corrine M. Williams,1,14,1,2008,2008
Ying Hong,1,14,1,2006,2006
Khuat Thi Hai Oanh,1,14,1,2009,2009
Anne Retel-Laurentin,2,14,2,1976,1981
Siddharth Chandra,1,14,1,2013,2013
G. W. Roberts,2,14,2,1955,1961
Patricia A. Thornton,1,14,1,2011,2011
Yu Xie,1,14,1,2014,2014
Andrés Peri,1,14,1,1999,1999
Helena Chojnacka,1,14,1,1976,1976
Kieron J. Barclay,3,14,2,2017,2020
Sherry H. Olson,1,14,1,2011,2011
,1,14,1,1988,1988
Daniel Kraushaar,1,14,1,1992,1992
R. Thompson,1,14,1,1974,1974
Laura Ann McCloskey,1,14,1,2008,2008
Veijo Notkola,1,13,1,2000,2000
Charles F. Westof,1,13,1,1980,1980
Jack Ericson Eblen,1,13,1,1972,1972
Megan Klein Hattori,1,13,1,2007,2007
E. Ben-Moshe,1,13,1,1985,1985
Gerald E. Markle,1,13,1,1977,1977
Judith A. Fortney,1,13,1,1970,1970
Harri Siiskonen,1,13,1,2000,2000
Ronald P. Dore,2,13,2,1953,1959
András Gábos,1,13,1,2009,2009
Raymond T. Smith,1,13,1,1959,1959
Joseph J. Spengler,3,13,2,1955,1970
Earl W. Morris,1,13,1,1966,1966
Jonathan K. Daw,1,13,1,2011,2011
Ariela Keysar,1,13,1,1985,1985
Guang Guo,1,13,1,2011,2011
Massimo Livi-Bacci,2,13,2,1974,2015
Edward B. Perrin,1,13,1,1964,1964
Gábor Kézdi,1,13,1,2009,2009
Róbert Iván Gál,1,13,1,2009,2009
David Levine,1,13,1,1976,1976
Chihsien Tuan,1,13,1,1958,1958
Sonia R. Bhalotra,1,13,1,2008,2008
Wiji Arulampalam,1,13,1,2008,2008
Sharon Pasco,1,13,1,1977,1977
A. K M Alauddinchowdhury,1,12,1,1980,1980
K. J. Pitkanent,1,12,1,1989,1989
A. Meredith John,1,12,1,1988,1988
V. C. Chidambaram,2,12,2,1981,1982
James Maxwell,2,12,1,1949,1950
Christina J. Cross,1,12,1,2018,2018
Zenas M. Sykes,1,12,1,1980,1980
William Petersen,1,12,1,1955,1955
Susan Hill Cochrane,1,12,1,1975,1975
N. J. Ireland,2,12,2,1975,1976
Amyong Tsui,1,12,1,2008,2008
Li Liu,1,12,1,2008,2008
Pavel Grigoriev,1,12,1,2013,2013
Harriet B. Presser,1,12,1,1969,1969
Franco Savorgnan,1,12,1,1950,1950
B. Benjamin,2,12,2,1964,1964
Cui Hongyan,1,12,1,2010,2010
John Coward,1,12,1,1980,1980
Louise Kantrowt,1,12,1,1980,1980
Melissa Ruth Partin,1,12,1,1992,1992
Govert E. Bijwaard,3,12,2,2013,2019
Júlia Mikolai,1,12,1,2018,2018
Andrew Hinde,1,12,1,2000,2000
Kogalur G. Basavarajappa,2,12,1,1963,1971
Snehendu B. Kar,1,12,1,1978,1978
Jose Gomez de Leon,1,12,1,1989,1989
Aaron Gullickson,1,12,1,2004,2004
Melvin Zelnik,1,12,1,1966,1966
Lynn B. Jorde,1,12,1,1989,1989
Akim J. Mturi,1,12,1,2000,2000
Paula M. Lantz,1,12,1,1992,1992
Li Xiru,1,12,1,2010,2010
Erich Striessnig,1,12,1,2015,2015
James H. Mielke,1,12,1,1989,1989
Arjuun L. Adlakha,2,12,2,1968,1974
Jean L.E. Bourgeois-Pichat,1,12,1,1971,1971
Roger V. Clements,1,12,1,1955,1955
Parfait M. Eloundou-Enyegue,1,11,1,2003,2003
Samarendranath Mitra,4,11,2,1980,1987
Robert Edward Mitchell,1,11,1,1971,1971
Grace Wyshak,1,11,1,2004,2004
Allan M. Parnell,1,11,1,1983,1983
J. May,1,11,1,1979,1979
Walter R. Gilks,1,11,1,1986,1986
C. M. Langford,1,11,1,1991,1991
Karen N. Eggleston,1,11,1,2015,2015
Jihong Liu,1,11,1,2004,2004
Suzana Cavenaghi,1,11,1,2013,2013
Mark W. Oberle,1,11,1,1988,1988
James W.B. Douglas,2,11,2,1949,1951
Lotta Vikström,1,11,1,2015,2015
Mortimer Spiegelman,2,11,1,1948,1950
Kenji Otani,1,11,1,1991,1991
T. O. Ling,1,11,1,1969,1969
Young J. Kim,1,11,1,1998,1998
Alejandro Aguirre,1,11,1,1990,1990
Abraham Akkerman,1,11,1,1980,1980
William D. Mosher,1,11,1,1980,1980
Richard S. Monteith,1,11,1,1988,1988
Zheng Wu,1,11,1,2003,2003
S. N. Mehrotra,1,11,1,1949,1949
Allan G. Hill,1,11,1,1990,1990
Christine Schnor,1,11,1,2017,2017
Jacqueline Hecht,1,11,1,1987,1987
Vasilios G. Valaoras,2,11,2,1950,1965
Daniel Alan Seiver,2,11,1,1975,1977
C. M. Law,1,11,1,1969,1969
Qiong Zhang,1,11,1,2015,2015
David Henley,1,11,1,2006,2006
Grant Miller,1,11,1,2015,2015
Neil L. Tranter,1,11,1,1967,1967
Renato Martins Assun&#231;&#227;o,1,11,1,2013,2013
D. Peter Mazur,4,11,2,1972,1975
Kimberly Singer Babiarz,1,11,1,2015,2015
Alberto Sanz-Gimeno,1,11,1,2000,2000
André Grow,1,11,1,2017,2017
Sabu S. Padmadas,3,11,2,2010,2020
Heini Väisänen,2,10,1,2015,2020
J. Y. Peng,1,10,1,1963,1963
B. Benjamin,2,10,2,1955,1958
Alysa Levene,1,10,1,2005,2005
Eric S. Richards,2,10,2,1997,1999
W. G. Varnes,1,10,1,1971,1971
Atef M. Khalifa,1,10,1,1973,1973
Douglas A. Norris,2,10,1,1975,1975
Christopher Tietze,3,10,3,1955,1962
Michael J. Wintle,1,10,1,1992,1992
Ian R.H. Rockett,1,10,1,1981,1981
Marcus William Feldman,1,10,1,2003,2003
David Reed,1,10,1,1974,1974
Alexander A. Weinreb,1,10,1,2016,2016
Brian P. Bradley,1,10,1,1978,1978
Peter J. Lloyd,2,10,1,1967,1969
John G. Haaga,1,10,1,1982,1982
Farhat Yusuf,1,10,1,1981,1981
Amit Kumar Bhattacharyya,2,10,1,1975,1975
Huda C. Zurayk,1,10,1,1979,1979
Jay H. Glasser,1,10,1,1968,1968
Geraldine B. Terry,1,10,1,1975,1975
Takwing Chan,2,10,1,2015,2019
Emma Lundholm,1,10,1,2018,2018
Karri Silventoinen,1,10,1,2014,2014
Peter C. Smith,1,10,1,1982,1982
Y. Takeshita,1,10,1,1963,1963
A. K M Alauddin Chowdhuryt,1,10,1,1980,1980
Shuzhuo Li,1,10,1,2003,2003
P. O. Olusanya,1,10,1,1969,1969
Anna Baranowska-Rataj,2,10,1,2017,2020
Sugiyama Iutaka,1,10,1,1971,1971
G. W. Roberts,1,10,1,1952,1952
Ismail Ajami,1,10,1,1976,1976
Shuimeng Ng,1,10,1,1982,1982
Peter K. Newman,2,10,1,1969,1969
John A. Ross,3,10,2,1980,1984
Franklin F. Mendels,1,10,1,1978,1978
Bram Peper,1,10,1,1970,1970
Tönu Parming,1,10,1,1972,1972
Gunnar Malmberg,1,10,1,2018,2018
E. Grebenik,5,10,1,1970,1991
R. T. Appleyard,1,10,1,1962,1962
Daniel Benoit,1,10,1,1976,1976
Miloslav Macura,2,10,1,1974,2004
Elyse A. Jennings,2,10,2,2016,2017
E. W. Bock,1,10,1,1971,1971
K. Srinivasan,2,10,1,1967,1971
Ismail A. Sirageldin,2,10,1,1975,1975
Tom O. Owuor,1,10,1,2001,2001
Mariano Sana,1,10,1,2016,2016
T. H. Sun,1,10,1,1963,1963
I. M. Cumpston,1,10,1,1956,1956
Mahbubuddin Ahmad,2,10,1,1975,1975
Xiaoyi Jin,1,10,1,2003,2003
Donald T. Rowland,1,10,1,1984,1984
Y. C. Yu,2,9,2,1978,1979
Sharon Stanton Russell,2,9,1,2008,2008
Zai Liang,1,9,1,2013,2013
Mauri Nieminent,1,9,1,1991,1991
N. K. Sarkar,2,9,2,1951,1956
Douglas J. Nichols,2,9,2,1978,1982
Anne B. Wils,1,9,1,1991,1991
W. Selzer,1,9,1,2008,2008
Jennifer Leaning,1,9,1,2008,2008
Shoshana Neuman,1,9,1,2007,2007
Jorge Rodríguez-Vignoli,1,9,1,2018,2018
Adelinde M. Uhrmacher,1,9,1,2017,2017
J. T. Marshall,1,9,1,1947,1947
S. J. Malik,2,9,1,2008,2008
James P. McIntosh,1,9,1,1980,1980
Frank W. Notestein,2,9,1,1947,1949
Antonia Polychronopoulou,1,9,1,1965,1965
Wendy Sigle,1,9,1,1999,1999
Laurence Whitehead,1,9,1,1968,1968
Tom Warnke,1,9,1,2017,2017
Joel T. Rosenthal,1,9,1,1973,1973
David I. Kertzer,1,9,1,1999,1999
Jee Peng Tan,1,9,1,1983,1983
Paul Schulz,1,9,1,2017,2017
Oliver Reinhardt,1,9,1,2017,2017
William Seltzer,1,9,1,1969,1969
Dimitrios V. Trichopoulos,1,9,1,1965,1965
James M. Sakoda,2,9,2,1967,1972
J. R. Rele,2,9,2,1962,1974
Paul E. Vincent,1,9,1,1947,1947
Christopher M. Langford,1,9,1,1981,1981
Francisco Rowe,1,9,1,2018,2018
Pramote Prasartkul,1,9,1,2007,2007
Varachai Thongthai,1,9,1,2007,2007
S. Mahmud,1,9,1,1980,1980
D. E C Eversley,1,9,1,1957,1957
Miao David Chunyu,1,9,1,2013,2013
F. H Amphlett Micklewright,1,9,1,1961,1961
G. M. Mirza,1,9,1,1982,1982
Liudmila Torgasheva,1,8,1,2013,2013
Leo Silberman,1,8,1,1960,1960
Sojung Lim,1,8,1,2013,2013
Niina Metsä-Simola,1,8,1,2013,2013
Julius Paul,1,8,1,1967,1967
P. Neal Ritchey,2,8,2,1973,1975
C. Janna Harrell,1,8,1,2015,2015
Ray R. Canning,1,8,1,1972,1972
Michele Gragnolati,1,8,1,1999,1999
Paul Axelrod,1,8,1,1990,1990
Barbara C. Stevens,1,8,1,1969,1969
Nicole Hiekel,1,8,1,2015,2015
James J. Anderson,1,8,1,2015,2015
Charles B. Goodhart,1,8,1,1973,1973
Fiifi Amoako Johnson,1,8,1,2012,2012
Antoinette M. Stroup,1,8,1,2015,2015
Hukum Chandra,1,8,1,2012,2012
R. Repettot,1,8,1,1982,1982
Maria Sophia Lengyel Cook,1,8,1,1982,1982
Charles H. Reynolds,1,8,1,1972,1972
Mikhail Borisovich Denisenko,1,8,1,2013,2013
Jean Walters MacCluer,1,8,1,1986,1986
Alvin T. Onaka,2,8,2,1972,1973
Anne Rigt Poortman,1,8,1,2015,2015
Allen C. Kelley,1,8,1,1973,1973
Anthony Marino,1,8,1,1970,1970
Elina K. Einiö,1,8,1,2016,2016
Feinian Chen,1,8,1,2009,2009
Birgitta Bucht,1,8,1,1986,1986
Ting Li,1,8,1,2015,2015
M. A. El-Badry,2,8,1,1971,1986
David A. Lam,1,8,1,1984,1984
K. Venkatacharya,1,8,1,1972,1972
Maud Bülbring,1,8,1,1954,1954
Rachael S. Pierotti,1,8,1,2016,2016
C. A L Myburgh,3,8,2,1948,1956
Dorothy L. Nortman,1,8,1,1972,1972
José Alberto Magno De Carvalho,2,8,1,1974,1974
Bennett Dyke,1,8,1,1986,1986
Megan M. Sweeney,1,7,1,2016,2016
Wilma Johanna Nusselder,1,7,1,2016,2016
Robin G. Milne,1,7,1,1973,1973
Ann M. DiGirolamo,1,7,1,2009,2009
John F. Hoddinott,1,7,1,2009,2009
M. Bhat,1,7,1,1984,1984
Georges Sabagh,1,7,1,1970,1970
Carlo Giovanni Camarda,1,7,1,2019,2019
Aryeh D. Stein,1,7,1,2009,2009
Ronald G. Ridker,1,7,1,1969,1969
Richard Paul Shaw,1,7,1,1974,1974
Dalkhat M. Ediev,1,7,1,2014,2014
R. E. Lightbourne,1,7,1,1982,1982
Jochen Fleischhacker,1,7,1,2002,2002
Andrew Collver,1,7,1,1967,1967
Simona Korenjak-Černe,1,7,1,2015,2015
R. Kanbargi,1,7,1,1984,1984
Yaohui Zhao,1,7,1,2015,2015
Frederik Peters,1,7,1,2016,2016
Nata?a Kej?ar,1,7,1,2015,2015
Ingrid K. van Dijk,2,7,2,2019,2020
Mieke Carine Wim Eeckhaut,1,7,1,2016,2016
El Sayed E. Nour,2,7,2,1983,1984
O. Adegbola,1,7,1,1977,1977
Thomas Spoorenberg,2,7,1,2014,2019
Allan G. Hill,1,7,1,1978,1978
Pieter H.M. Van Baal,1,7,1,2016,2016
Christiaan W.S. Monden,2,7,2,2010,2018
Colin Clark,1,7,1,1949,1949
Johan Pieter Mackenbach,1,7,1,2016,2016
K. L. Gillion,1,7,1,1956,1956
Vladimir Batagelj,1,7,1,2015,2015
Paul G. Demeny,1,7,1,2015,2015
Margaret Frye,1,7,1,2017,2017
Christopher Scott,1,7,1,1970,1970
J. Mayone Stycos,1,7,1,1963,1963
J. Richard Udry,2,7,2,1973,1979
Ugofilippo Basellini,1,7,1,2019,2019
Michael Drake,1,7,1,1966,1966
Adrian E. Raftery,2,7,1,2016,2018
G. W. Roberts,1,7,1,1954,1954
Eunice Cooper,1,7,1,1951,1951
Lauren K. Bachan,1,7,1,2017,2017
Harry Sharp,1,7,1,1954,1954
Paul K C Liu,1,7,1,1967,1967
Michael Freeberne,3,7,2,1964,1966
John McDonald,1,7,1,1997,1997
Mark Christopher Wheldon,1,6,1,2016,2016
Francis C. Madigan,1,6,1,1976,1976
H. Yuan Tien,1,6,1,1965,1965
SØlvi B. Sogner,1,6,1,1963,1963
E. Hazel Denton,1,6,1,1979,1979
Michel P.A. Cayemittes,1,6,1,1991,1991
M. Kauppinen,1,6,1,1971,1971
Nick Parr,1,6,1,2016,2016
Pia Wohland,1,6,1,2014,2014
S. N. Agarwala,1,6,1,1961,1961
Bojuan Barbara Zhao,1,6,1,2012,2012
Katherine Keenan,1,6,1,2014,2014
Ridhi Kashyap,1,6,1,2019,2019
Wim F. Wertheim,1,6,1,1959,1959
Patrick Gerland,1,6,1,2016,2016
Patrizia Agati,1,6,1,2017,2017
Yuzo Morita,1,6,1,1963,1963
George T. Bicego,1,6,1,1991,1991
Anouch Chahnazarian,1,6,1,1991,1991
Robert Gutman,1,6,1,1956,1956
Edmond Cocks,1,6,1,1967,1967
Antonio McDaniel,1,6,1,1994,1994
Tomáš Sobotka,1,6,1,2018,2018
Paul D. Norman,1,6,1,2014,2014
Sarah R. Hayford,1,6,1,2017,2017
Erzsébet Bukodi,1,6,1,2012,2012
Luca Stella,1,6,1,2019,2019
Godwin A. Udofia,1,6,1,1979,1979
Leonie Tickle,1,6,1,2016,2016
Prithwls Das Gupta,1,6,1,1978,1978
J. Stoeckelt,1,6,1,1982,1982
Napaporn Havanon,1,6,1,1992,1992
A. Fishert,1,6,1,1982,1982
Vicente B. Paqueo,1,6,1,1988,1988
D. C. Downing,1,6,1,1979,1979
Michael G. Kenward,1,6,1,2014,2014
Daniel Christoph Schneider,1,6,1,2018,2018
Thomas Cassidy,1,6,1,2012,2012
Annalisa Donno,1,6,1,2017,2017
Aurora Angeli,1,6,1,2017,2017
Martin Klesment,1,6,1,2018,2018
Osea Giuntella,1,6,1,2019,2019
Brian L. Pitcher,1,6,1,1974,1974
Sook Bang,2,6,1,1965,1966
Augustine O. Okore,2,6,1,1980,1982
James R. Abernathy,1,6,1,1976,1976
Alice Goisis,2,6,1,2018,2019
Ph van Praag,2,6,2,1977,1978
Weerasit Sittitrai,1,6,1,1992,1992
Jayanti M. Tuladhar,1,6,1,1982,1982
Clarita Tan,1,6,1,1976,1976
Alejandro N. Herrin,1,6,1,1976,1976
Lea Keil Garson,1,6,1,1991,1991
Alan T. Peacock,3,6,1,1952,1957
J. R.H. Shaul,3,6,2,1948,1951
Evan T. Peterson,1,6,1,1974,1974
Benjamin Spencer Bradshaw,1,6,1,1969,1969
Eino Jutikkala,1,6,1,1971,1971
Stefan Öberg,1,6,1,2015,2015
Miguel Requena,2,6,1,2018,2020
B. G. Zimmer,2,5,1,1981,1981
Harald Frederiksen,1,5,1,1970,1970
Kraig Beyerlein,1,5,1,2017,2017
Marco Bonetti,1,5,1,2019,2019
Napaporn Chayovan,1,5,1,1990,1990
Lena Edlund,1,5,1,2015,2015
Albert Mayer,1,5,1,1955,1955
C. T E Quensel,1,5,1,1958,1958
Rafiqul Huda Chaudhury,1,5,1,1978,1978
Rafael Blanquero,2,5,2,2012,2016
Andrew Kantner,1,5,1,1998,1998
Han Lin Shang,1,5,1,2015,2015
Lorenzo Moreno,1,5,1,1991,1991
P. M. Kulkarni,2,5,2,1976,1977
Ralph E.S. Tanner,1,5,1,1959,1959
Mats Lillehagen,1,5,1,2018,2018
Lee E. Edlefsen,1,5,1,1981,1981
Shiras Manning,1,5,1,2017,2017
Paola Molina,1,5,1,2017,2017
Kylie Walzak,1,5,1,2017,2017
Julius Isaac,2,5,2,1949,1950
Sheila Mitchell,1,5,1,1959,1959
Robert Kominski,1,5,1,1984,1984
Chaibin Park,1,5,1,1998,1998
Bryan L. Boulier,1,5,1,1986,1986
Murray Gendell,1,5,1,1973,1973
Peter Mazur,1,5,1,1968,1968
Chuang Ying-Chang,1,5,1,1994,1994
Jaemo Yang,1,5,1,1965,1965
Ray L. Langsten,1,5,1,1985,1985
Silvia Bermúdez,2,5,2,2012,2016
N. Gregory Mankiw,1,5,1,1986,1986
Jean van der Tak,1,5,1,1973,1973
Mildred Blaxter,1,5,1,1991,1991
Myung-ho Kim,1,5,1,1965,1965
Mangap Lee,1,5,1,1965,1965
Shantha Madhavan,1,5,1,1981,1981
Prescott L. Vandervoet,1,5,1,2017,2017
R. Keith Kelsall,1,5,1,1959,1959
Peter J. Glick,1,5,1,2015,2015
Nitai Chakraborty,1,5,1,1998,1998
Barbara Laslett,1,5,1,1987,1987
Donald L. Eilenstine,1,5,1,1972,1972
Christopher Handy,1,5,1,2015,2015
Byron G. Spencer,1,5,1,1974,1974
Ursula M. Cowgill,2,5,1,1967,1968
Kristin Klingman,1,5,1,2017,2017
Yuyu Chen,1,5,1,2015,2015
Signild Vallgårda,1,5,1,2010,2010
Goh Thuan-Jig,1,5,1,1972,1972
Fabian F. Drixler,1,5,1,2016,2016
Lorenzo Gamboa,1,5,1,2017,2017
Guillaume J. Wunsch,1,5,1,1976,1976
Douglas S. Massey,1,5,1,1976,1976
Karen Oppenheim Mason,1,5,1,1987,1987
Mohammad Ataharul Islam,1,5,1,1998,1998
Mikko Aaltonen,1,5,1,2018,2018
Arthur P. Wolf,1,5,1,1994,1994
Aad W. van der Vaart,1,5,1,2007,2007
Daniel E. Martínez,1,5,1,2017,2017
R. W. Hodge,1,5,1,1972,1972
Frank T. Denton,1,5,1,1974,1974
Jeremy Y. Slack,1,5,1,2017,2017
Shigesato Takahashi,1,5,1,1995,1995
David E. Sahn,1,5,1,2015,2015
C. Speare Mary,1,5,1,1973,1973
Hui Sheng Lin,1,5,1,1973,1973
T. James Trussell,2,5,1,1980,1981
George George C. Kephart,1,5,1,1989,1989
Sui Ying Wat,1,5,1,1972,1972
Peter Congdon,1,5,1,1980,1980
Yuanreng Hu,1,5,1,1995,1995
James P. Cunningham,1,5,1,1972,1972
Marianne A. Jonker,1,5,1,2007,2007
Kristen Valencia,1,5,1,2017,2017
Lesia Nedoluzhko,1,5,1,2016,2016
Lucky M. Tedrow,1,5,1,1976,1976
Hongbin Li,1,5,1,2015,2015
Joginder Kumar,1,5,1,1971,1971
Melissa Burham,1,5,1,2017,2017
Jan Kok,1,5,1,2016,2016
Carol Klapprodt,1,5,1,1955,1955
Barbara E. Thompson,1,5,1,1977,1977
Alvan O. Zarate,1,4,1,1967,1967
Getrude Terera,1,4,1,1981,1981
José Antonio Ortega,1,4,1,2000,2000
David McCollum,1,4,1,2018,2018
Cecilia Potente,1,4,1,2018,2018
Rick J. Mourits,1,4,1,2020,2020
D. I. Pool,2,4,2,1967,1973
Jesús Adrián Alvarez,1,4,1,2020,2020
Luciana Quaranta,1,4,1,2017,2017
Ruchi Chou,1,4,1,1968,1968
Julian Blackburn,1,4,1,1947,1947
Warwick Neville,1,4,1,1978,1978
M. Gottlieb,1,4,1,1949,1949
Mathias Lerch,1,4,1,2018,2018
Kevin E. Schürer,1,4,1,2020,2020
Ruth Glass,1,4,1,1951,1951
Hassan Eini-Zinab,1,4,1,2013,2013
Jacques Doublet,1,4,1,1948,1948
Zengyi Huang,1,4,1,2018,2018
Julie E. Backer,2,4,1,1947,1948
Annemarie Ernsten,1,4,1,2018,2018
Søren Kjærgaard,1,4,1,2017,2017
A. Muthiah,1,4,1,1983,1983
Kari L. White,1,4,1,2013,2013
Robert E. Jones,1,4,1,1998,1998
Nigel Crook,1,4,1,1996,1996
Angélique A.P.O. Janssens,1,4,1,2020,2020
Niels van den Berg,1,4,1,2020,2020
Vincent Heath Whitney,2,4,2,1976,1976
G. Rodriguez,1,4,1,1981,1981
Visid Prachuabmoh,2,4,1,1974,1974
Youpoh Seng,2,4,1,1949,1959
Catriona A. Towriss,1,4,1,2018,2018
Patience Lauriat,1,4,1,1955,1955
Susan B. Schaffnit,1,4,1,2017,2017
Laura Daniel Staetsky,2,4,1,2011,2019
Catherine Armagnac,1,4,1,1981,1981
Allen Daley,1,4,1,1964,1964
Dawn Everington,1,4,1,2018,2018
H. C. Brookfield,1,4,1,1957,1957
Andrí Gabor,1,4,1,1955,1955
Lucia Zanotto,1,4,1,2018,2018
Deniz Dilan Karaman Örsal,1,4,1,2018,2018
Alessandro Rosina,2,4,2,2006,2010
Camila Strobl Sakamoto,1,4,1,2016,2016
Stefano Mazzuco,1,4,1,2018,2018
Josiah Cox Russell,1,4,1,1948,1948
W. A B Hopkin,2,4,1,1947,1947
C. M. Cipolla,1,4,1,1978,1978
Eilidh M. Garrett,1,4,1,2020,2020
Steven Polgar,1,4,1,1974,1974
Julia A. Jennings,1,4,1,2017,2017
Dorothy McLaren,1,4,1,1974,1974
Charles L. Chase,1,4,1,1973,1973
D. Byerlee,1,4,1,1981,1981
Zhiqiang Feng,1,4,1,2018,2018
L. Braithwaite,1,4,1,1961,1961
K. R. Gabriel,2,4,1,1953,1958
Bruno Scarpa,1,4,1,2018,2018
C. Chandrasekaran,2,4,1,1971,1972
B. L. Agrawal,1,4,1,1969,1969
Yves Charbit,1,4,1,1981,1981
Alexandre Gori Maia,1,4,1,2016,2016
Kees Mandemakers,1,4,1,2020,2020
F. G. Davidson,1,4,1,1951,1951
Jane Falkingham,1,4,1,1991,1991
Pieternella Eline Slagboom,1,4,1,2020,2020
Izaslaw Frenkel,1,4,1,1976,1976
Ilana Ronen,1,4,1,1958,1958
Tara Kanitkar,1,4,1,1974,1974
John D. Allingham,1,4,1,1969,1969
M. Françoise Hall,1,4,1,1973,1973
Riad B. Tabbarah,1,4,1,1964,1964
Baran Tuncer,1,4,1,1974,1974
Natalie Kyriazis,1,4,1,1982,1982
Sven Moberg,1,4,1,1950,1950
David Philip Lindstrom,1,4,1,1998,1998
Mark Poffenberger,1,4,1,1983,1983
Frederick H.A. Aalen,1,4,1,1963,1963
W. B. Arthurt,1,4,1,1983,1983
J. Henripin,1,4,1,1982,1982
Susannah Brown,1,4,1,1968,1968
Wladyslaw Z. Billewicz,1,4,1,1955,1955
José Manuel Aburto,1,4,1,2020,2020
John Baj,1,4,1,1984,1984
Suhas L. Ketkar,1,4,1,1979,1979
Oriel Sullivan,1,4,1,1991,1991
Harro Bernardelli,1,4,1,1952,1952
Chialin Pan,1,4,1,1949,1949
Karl E. Bauman,1,4,1,1973,1973
H. Yuan Tien,1,4,1,1970,1970
Sami W. Dajani,1,4,1,1947,1947
J. E. Goldthorpe,1,4,1,1952,1952
Jesús Javier Sánchez Barricarte,1,4,1,2017,2017
Fred M.M. Lewes,1,4,1,1984,1984
John F. Kantner,1,4,1,1969,1969
Ghazi M. Farooq,1,4,1,1974,1974
Virginia Aldigé Hiday,1,4,1,1974,1974
Vladimir Srb,1,4,1,1962,1962
W. D.M. Paton,1,3,1,1970,1970
William A. Lessa,1,3,1,1962,1962
Paul C. Hewett,1,3,1,2020,2020
David J. Loschky,1,3,1,1976,1976
Anthony John Christopher,1,3,1,2006,2006
Marshall C. Balfour,1,3,1,1961,1961
Ehn Hyun Choe,1,3,1,1982,1982
O. Wolowyna,1,3,1,1977,1977
R. G. Edwards,1,3,1,1970,1970
Steven P. Martin,1,3,1,2015,2015
Clyde E. Martin,1,3,1,1957,1957
Timothy T. Johnson,1,3,1,1973,1973
N. W. Pirie,1,3,1,1970,1970
Tan Boon Ann,1,3,1,1973,1973
Dudley Seers,1,3,1,1957,1957
Mikael Rostila,1,3,1,2018,2018
T. L F Devis,1,3,1,1973,1973
Patrick Festy,1,3,1,1973,1973
Y. L. Lee,1,3,1,1962,1962
Yingchun Ji,1,3,1,2015,2015
B. A. Lagger,1,3,1,2001,2001
Christine A. Kelly,1,3,1,2020,2020
E. Bromberger,1,3,1,1948,1948
A. L. Levine,1,3,1,1965,1965
Paul P.L. Cheung,1,3,1,1988,1988
B. McCann,1,3,1,1970,1970
Joseph A. Cavanaugh,1,3,1,1979,1979
Lisa D. Pearce,1,3,1,2015,2015
James J. Brown,1,3,1,2010,2010
Edward P. Hutchinson,1,3,1,1959,1959
Timm Thorsen,1,3,1,1972,1972
Kåre Bævre,1,3,1,2014,2014
Erica Soler-Hampejsek,1,3,1,2020,2020
Allan N. Sharlin,1,3,1,1978,1978
Edward Gross,1,3,1,1954,1954
Robert E. Elder,1,3,1,1974,1974
Jason Hilton,1,3,1,2017,2017
N. F. Morris,1,3,1,1970,1970
Kenneth Smith,1,3,1,1952,1952
Laura A. Kelly,1,3,1,2016,2016
Iqbal H. Shah,1,3,1,1987,1987
John E. Murray,1,3,1,2001,2001
Annette Baudisch,1,3,1,2018,2018
Bali Ram,1,3,1,1993,1993
Prithwis Das Gupta,1,3,1,1971,1971
Ruth Mary Pickering,1,3,1,1986,1986
Katharine J. McCarthy,1,3,1,2019,2019
Jonathan Gray,1,3,1,2017,2017
Nadia H. Youssef,1,3,1,1977,1977
Roland Rau,1,3,1,2018,2018
Lawrence L. Wu,1,3,1,2015,2015
Karol J. Krótki,2,3,1,1971,1978
Moni Nag,1,3,1,1973,1973
Allan M. Cartter,1,3,1,1953,1953
Cem L. Behar,1,3,1,1987,1987
Malini Karkal,1,3,1,1972,1972
Marie Vandresse,1,3,1,2008,2008
S. Krishnamoorthy,1,3,1,1979,1979
E. G. Jacoby,1,3,1,1958,1958
Anne Goujon,1,3,1,2012,2012
Gordon D. Murray,1,3,1,1986,1986
Kingsley Davis,2,3,1,1951,1951
Jesús J. Sánchez,1,3,1,1998,1998
Jerry W. Combs,2,3,1,1951,1951
Janet Sceats Pool,1,3,1,1978,1978
J. N. Sinha,1,3,1,1957,1957
Eric P. Kaufmann,1,3,1,2012,2012
Gerald I.M. Swyer,2,3,1,1970,1970
Sheila Ryan Johansson,1,3,1,2005,2005
Kåre Ofstad,1,3,1,1949,1949
A. Ghosh,1,3,1,1956,1956
Leslie Corsa,2,3,1,1973,1978
Vegard F. Skirbekk,1,3,1,2012,2012
R. Mansell Prothero,1,3,1,1956,1956
G. B. Rodgers,1,3,1,1976,1976
L. T. Badenhorst,6,3,1,1950,1963
Bishwa Nath Mukherjee,1,3,1,1975,1975
John G. Cleland,1,3,1,2020,2020
Sarah R. Brauner-Otto,1,3,1,2015,2015
A. H. Walkden,1,3,1,1961,1961
Wilbur Zelinsky,1,3,1,1950,1950
S. P. Brown,1,3,1,1951,1951
John F. Forbes,1,3,1,1986,1986
Omer R. Galle,1,3,1,1973,1973
Abdur Rahim,1,3,1,1993,1993
Tina Hannemann,1,3,1,2019,2019
Robert H. Haveman,1,3,1,1980,1980
Phillips Cutright,1,3,1,1973,1973
W. L. Marr,1,3,1,1977,1977
Charles B. Teddlie,1,3,1,1979,1979
Donna B. Sulak,1,3,1,1988,1988
Marcus Ebeling,1,3,1,2018,2018
Kazuyo MacHiyama,1,3,1,2020,2020
James P. Vere,1,3,1,2008,2008
D. Narayanan Namboothiri,1,3,1,1969,1969
Robert Horválth,1,2,1,1963,1963
A. R. Emerson,1,2,1,1959,1959
Montserrat Gas-Aixendri,1,2,1,2017,2017
P. Krishnan,1,2,1,1978,1978
M. Vaessen,1,2,1,1981,1981
Henry S. Shryock,1,2,1,1950,1950
Paúl Corcuera,1,2,1,2017,2017
Earl E. Huyck,1,2,1,1962,1962
Anton Vrieling,1,2,1,2013,2013
L. W. St John-Jones,1,2,1,1979,1979
Roderic P. Beau Jot,1,2,1,1978,1978
J. A. Fraser Roberts,1,2,1,1970,1970
C. Nørregaard,1,2,1,1975,1975
Fredric David Abramson,1,2,1,1973,1973
Mary C. Brinton,1,2,1,2019,2019
William F. Stinner,2,2,1,1975,1975
L. J. Smith,1,2,1,1979,1979
Pichao Chen,1,2,1,1970,1970
James W. Brackett,1,2,1,1962,1962
Piers M. Blaikie,1,2,1,1972,1972
L. B. Brown,1,2,1,1957,1957
John M. Thoday,1,2,1,1970,1970
Wolf Scott,2,2,1,1957,1958
Valerie Kincade Oppenheimer,1,2,1,1967,1967
Jason M. Fletcher,2,2,1,2019,2019
Tom Wilson,1,2,1,2016,2016
James Raymer,2,2,1,2018,2020
W. Whitney Hicks,1,2,1,1977,1977
John Maynard-Smith,1,2,1,1970,1970
J. E. Meade,2,2,1,1970,1970
Paul Douglas Mader,2,2,1,1975,1975
Jane T. Bertrand,1,2,1,1983,1983
Pieter E. Treffers,1,2,1,1967,1967
Bali Ram,1,2,1,1976,1976
Michael Banton,1,2,1,1953,1953
Ralph Thomlinson,1,2,1,1976,1976
Augustine Joseph Kposowa,1,2,1,2017,2017
John S. Aird,1,2,1,1962,1962
K. K. Kwok,1,2,1,1986,1986
Xiana Bueno,1,2,1,2019,2019
J. W. Nixon,1,2,1,1970,1970
J. A. Hernández,1,2,1,2012,2012
Peter S.K. Chi,1,2,1,1972,1972
J. Planelles,1,2,1,2012,2012
J. M. Martin,1,2,1,1977,1977
Ronald Kwon,1,2,1,2017,2017
D. S. Pugh,1,2,1,1959,1959
G. Schmidt,1,2,1,1975,1975
R. J.Warwick Neville,1,2,1,1963,1963
William E. Bertrand,1,2,1,1983,1983
Robert René Kuczynski,1,2,1,1948,1948
Norma McArthur,1,2,1,1959,1959
Reynaldo G. Rivera,1,2,1,2017,2017
Arkadiusz Wiśniowski,1,2,1,2018,2018
Robert H. Weller,1,2,1,1979,1979
Cecil Gordon,1,2,1,1959,1959
Elizabeth Lessof,1,2,1,1949,1949
Elliot G. Mishler,1,2,1,1956,1956
Octavio Cabello,1,2,1,1956,1956
Catalina Torres,1,2,1,2019,2019
Bert F. Hoselitz,1,2,1,1957,1957
G. William Skinner,1,2,1,1951,1951
R. Paul Shaw,1,2,1,1976,1976
A. J. Jaffe,1,2,1,1947,1947
Andrés Salazar-Arango,1,2,1,2017,2017
I. Th Papavassiliou,1,2,1,1954,1954
Chantal Melser,1,2,1,2013,2013
Arild Saether,1,2,1,1993,1993
Per Tynelius,1,2,1,2019,2019
Sebastian Klüsener,1,2,1,2019,2019
Joyce Bellamy,1,2,1,1953,1953
Miatudila Malonga,1,2,1,1983,1983
Ta Chen,1,2,1,1948,1948
Anthony H. Galt,1,2,1,1979,1979
J. Durbin,1,2,1,1955,1955
Jessica Polos,1,2,1,2019,2019
Cyril Burt,1,2,1,1947,1947
Kumudini Dandekar,1,2,1,1963,1963
Christian Dudel,1,2,1,2019,2019
G. A. Harrison,1,2,1,1970,1970
P. R. Cox,1,2,1,1951,1951
L. W. Jones,1,2,1,1967,1967
P. J. Koblenzer,1,2,1,1960,1960
A. J. Youngson,1,2,1,1961,1961
Gianpiero Dalla-Zuanna,1,2,1,2010,2010
William A. Morrison,1,2,1,1961,1961
T. Ferguson,1,2,1,1964,1964
Andrea Monti,1,1,1,2020,2020
Garry S. Meyer,1,1,1,1978,1978
Ameed M. Saabneh,1,1,1,2019,2019
D. L. Gore,1,1,1,2010,2010
Howard B. Newcombe,1,1,1,1970,1970
Betty M. Giles-Bernardelli,1,1,1,1950,1950
Barbara Vaughan,1,1,1,1996,1996
Joanna Marczak,1,1,1,2018,2018
Marco Le Moglie,1,1,1,2020,2020
Abigail Weitzman,1,1,1,2020,2020
François Lafitte,1,1,1,1962,1962
Arnstein Aassve,1,1,1,2020,2020
Kodjo Morgah,1,1,1,2011,2011
E. Susswein,1,1,1,1948,1948
Susannah E. Gibbs,1,1,1,2019,2019
Wendy Sigle,2,1,1,2018,2019
Samuel Greene,1,1,1,1979,1979
Michael J. Thomas,1,1,1,2020,2020
S. K. Jain,1,1,1,1982,1982
Esha Chatterjee,1,1,1,2020,2020
David J. Sharrow,1,1,1,2018,2018
Yanjun He,1,1,1,2018,2018
Georges Mauco,1,1,1,1950,1950
Leo Driedger,1,1,1,1997,1997
Margaret Triyana,1,1,1,2016,2016
Clara H. Mulder,1,1,1,2020,2020
Joseph V. Hackman,1,1,1,2019,2019
Savitri Thapar,1,1,1,1963,1963
George Basil Ploubidis,1,1,1,2020,2020
Patrick Sabourin,1,1,1,2018,2018
Kathleen Broussard,1,1,1,2020,2020
Caroline Moreau,1,1,1,2019,2019
Martha E. Smith,1,1,1,1970,1970
Ajit Das Gupta,1,1,1,1976,1976
C. J. Robertson,1,1,1,1950,1950
Sue Teper,1,1,1,1978,1978
Samuel Vézina,1,1,1,2018,2018
M. Rafiq,1,1,1,1979,1979
Stephen Jivraj,1,1,1,2020,2020
Donald W. Snyder,2,1,1,1974,1975
Daniel J. Hruschka,1,1,1,2019,2019
Alexandria Drake,1,1,1,2019,2019
A. Ghosh,1,1,1,1956,1956
Pēteris Zvidriņš,1,1,1,1979,1979
John A. Ross,1,1,1,1966,1966
Purushottam M. Kulkarni,1,1,1,2020,2020
Julia Hellstrand,1,1,1,2020,2020
Harsha N. Thakur,1,1,1,1971,1971
D. A. Percival,1,1,1,1949,1949
Hai S. Halevi,1,1,1,1956,1956
W. J L Ryan,1,1,1,1955,1955
Hamed Abou-Gamrah,1,1,1,1976,1976
Saw Swee-Hock,2,1,1,1964,1966
Jessica Godwin,1,1,1,2018,2018
Carl F. Grindstafe,1,1,1,1973,1973
Fengqing Chao,1,1,1,2020,2020
Kanako Ishida,1,1,1,2011,2011
J. R.L. Schneider,2,1,1,1954,1956
Stephen Enke,3,1,1,1970,1971
Hugh H. Wolfenden,1,1,1,1962,1962
Isabel Pike,1,1,1,2019,2019
Alissa Goodman,1,1,1,2020,2020
Elizabeth A. Colantuoni,1,1,1,2019,2019
G. Barclay,1,1,1,1950,1950
Helmut V. Muhsam,1,1,1,1975,1975
Althea Hill,1,1,1,1975,1975
Collin F. Payne,1,1,1,2019,2019
Benedetta Pongiglione,1,1,1,2020,2020
Sven Drefahl,1,1,1,2020,2020
C. A L Mybuegh,1,1,1,1951,1951
Chihang Chiang,1,1,1,1949,1949
W. Scott,1,1,1,1955,1955
Benoît Laplante,1,1,1,2018,2018
Giorgio Mortara,2,1,1,1950,1954
Maurice Kirk,1,1,1,1991,1991
John C. Rumford,1,1,1,1979,1979
D. V R Murty,1,1,1,1971,1971
Letizia Mencarini,1,1,1,2020,2020
Edward Higgins,2,1,1,1962,1962
David W. Lucas,1,1,1,1982,1982
Eleonora Mussino,1,1,1,2020,2020
Yasamin Y. Kusunoki,1,1,1,2019,2019
Henri Bunle,2,1,1,1950,1950
Christie A. Sennott,1,1,1,2020,2020
S. Guha Roy,1,1,1,1976,1976
S. W. Caffin,2,1,1,1952,1957
Marcy Erskine,1,1,1,2011,2011
Brian Joseph Gillespie,1,1,1,2020,2020
Liliana Andriano,1,0,0,2020,2020
H. S. Booker,1,0,0,1949,1949
Carl Erik Quensel,1,0,0,1947,1947
Dan A. Black,1,0,0,2017,2017
Yu Chieh Hsu,1,0,0,2017,2017
Aline Désesquelles,1,0,0,2020,2020
Rachel Margolis,1,0,0,2020,2020
Emma Zang,1,0,0,2019,2019
Lowell J. Taylor,1,0,0,2017,2017
Francesco Grippo,1,0,0,2020,2020
C. H. Harvie,1,0,0,1950,1950
Uche C. Isiugo-Abanihe,1,0,0,2020,2020
Kathryn A. Risher,1,0,0,2020,2020
Piera Bello,1,0,0,2020,2020
B. A. Tan,1,0,0,1978,1978
Léon Tabah,1,0,0,1991,1991
Ronald Henry Gray,1,0,0,2020,2020
G. F. de Long,2,0,0,1978,1978
Viviana Egidi,1,0,0,2020,2020
Galina V. Selegen,2,0,0,1959,1960
Yoshio Koya,2,0,0,1959,1962
Emma Slaymaker,1,0,0,2020,2020
J. B D Derksen,1,0,0,1948,1948
W. S. Hocking,1,0,0,1958,1958
T. van den Brink,1,0,0,1950,1950
P. J. Loftus,1,0,0,1948,1948
Jean Paul Sardon,1,0,0,2005,2005
Max Lacroix,1,0,0,1950,1950
C. Stern,1,0,0,1954,1954
Maria J. Wawer,1,0,0,2020,2020
R. D. Harding,1,0,0,1948,1948
Leo J.G. van Wissen,1,0,0,2020,2020
Seth G. Sanders,1,0,0,2017,2017
Omar Karlsson,1,0,0,2020,2020
J. M. MacKintosh,1,0,0,1964,1964
Sarah E. Patterson,1,0,0,2020,2020
Cyril John Adcock,1,0,0,1951,1951
Ashton M. Verdery,1,0,0,2020,2020
J. Dupâquier,1,0,0,1992,1992
J. Timothy Johnson,1,0,0,1978,1978
Qing Guan,1,0,0,2020,2020
John Cleland,2,0,0,2020,2020
David Musoke Serwadda,1,0,0,2020,2020
Robert John Norman,1,0,0,2020,2020
Livia Sz Oláh,1,0,0,2020,2020
Mark Gortfelder,1,0,0,2020,2020
Harold C. Alderman,1,0,0,2020,2020
Godfrey G. Kigozi,1,0,0,2020,2020
Robert G. Potter,1,0,0,1966,1966
Luisa Frova,1,0,0,2020,2020
Giulia Ferrari,1,0,0,2019,2019
Emmanuel F. Souza,1,0,0,2020,2020
Sankaran Venkata Subramanian,1,0,0,2020,2020
Ilya Kashnitsky,1,0,0,2020,2020
Laurent Bossavie,1,0,0,2020,2020
Wallis Taylor,1,0,0,1955,1955
Erland Hofsten,1,0,0,1971,1971
William Joe,1,0,0,2020,2020
Lívia Murinkó,1,0,0,2020,2020
Olutobi Adekunle Sanuade,1,0,0,2020,2020
Jan Walter De Neve,1,0,0,2020,2020
Leif Johansen,1,0,0,1957,1957
Nikkil Sudharsanan,1,0,0,2020,2020
V. Muhsam,1,0,0,1975,1975
Chodziwadziwa Whiteson Kabudula,1,0,0,2020,2020
Felix M. Muchomba,1,0,0,2020,2020
Jack Harewood,1,0,0,1973,1973
,1,0,0,2012,2012
,1,0,0,2012,2012
Nelson K. Sewankambo,1,0,0,2020,2020
Olufunke A. Fayehun,1,0,0,2020,2020
J. B. Chassan,1,0,0,1949,1949
C. M. Stewart,1,0,0,1963,1963
Ross MacMillan,1,0,0,2019,2019
Bartosz Ogórek,1,0,0,2020,2020
Terje Skjerpen,1,0,0,2020,2020
C. J. Martin,1,0,0,1954,1954
Peter M. Blau,1,0,0,1962,1962
Colin Clark,1,0,0,1951,1951
Bernard D. Karpinos,1,0,0,1949,1949
Yan Yu,1,0,0,2018,2018
Md Juel Rana,1,0,0,2020,2020
Rachel Stuchbury,1,0,0,2019,2019
Steven James Reynolds,1,0,0,2020,2020
Morag Henderson,1,0,0,2019,2019
R. Chander,1,0,0,1978,1978
S. S. Žarković,1,0,0,1956,1956
A. J. Boreham,1,0,0,1970,1970
J. Clare Ridley,1,0,0,1979,1979
P. J. Grandstaff,1,0,0,1972,1972
Julia Andrea Behrman,1,0,0,2020,2020
Marianne Tønnessen,1,0,0,2020,2020
H. Bond,1,0,0,1978,1978
Harvey Marshal,1,0,0,1979,1979
E. Grebenik,1,0,0,1996,1996
J. Learning,1,0,0,2008,2008
R. Hakkert,1,0,0,1981,1981
J. A. Stallworthy,1,0,0,1970,1970
Pascaline Feuillet,1,0,0,2020,2020
W. Seltzer,1,0,0,2008,2008
Christopher D. Smith,1,0,0,2020,2020
Priyanka Dixit,1,0,0,2020,2020
Anthony Idowu Ajayi,1,0,0,2020,2020
N. L. Aziz,1,0,0,1978,1978
Jeffrey William Eaton,1,0,0,2020,2020
Michael K. Roof,1,0,0,1960,1960
Sylvia Blom,1,0,0,2020,2020
Berenike Thoma,1,0,0,2020,2020
Dorean Nabukalu,1,0,0,2020,2020
L. Henry,1,0,0,1968,1968
Mikołaj Szołtysek,1,0,0,2020,2020
Olivia Samuel,1,0,0,2020,2020
Kuriath S. James,1,0,0,2020,2020
Marilena Pappagallo,1,0,0,2020,2020
Siegfried Gruber,1,0,0,2020,2020
T. V. Sekher,1,0,0,2020,2020
Aurélien Dasré,1,0,0,2020,2020
Hans Harmsen,1,0,0,1950,1950
Leena Adnan Merdad,1,0,0,2016,2016
Jean J. Medawar,1,0,0,1970,1970
Sangeeta Chatterji,1,0,0,2020,2020
Anna Maria Eurenius,1,0,0,2020,2020
Fred Kakaire Nalugoda,1,0,0,2020,2020
T. Lynn Smith,1,0,0,1958,1958
William Ledger,1,0,0,2020,2020
D. Pyke,1,0,0,1970,1970
T. Fox,1,0,0,1970,1970
John Giles,1,0,0,2020,2020
Edith L. Adams,1,0,0,1950,1950
Vincenzo Galasso,1,0,0,2020,2020
Dorothy Fernandez,1,0,0,1978,1978
Roberto Bachi,1,0,0,1950,1950
Romola Jane Davenport,1,0,0,2020,2020
Per Ramholt,1,0,0,1953,1953
A. S. Clague,1,0,0,1979,1979
Georgina M. Chambers,1,0,0,2020,2020
Grzegorz Frumkin,1,0,0,1950,1950
Stefan Szulc,1,0,0,1950,1950
Beryl Unterhalter,1,0,0,1961,1961
Assa Doumbia Gakou,1,0,0,2020,2020
Leigh Matthew William Shaw-Taylor,1,0,0,2020,2020
Wilfred Perks,1,0,0,1952,1952
Joop A.A. De Beer,1,0,0,2020,2020
Fredrick Edward Makumbi,1,0,0,2020,2020
Samuel Kwesi Gaisie,1,0,0,1969,1969
Cem Mete,1,0,0,2020,2020
A. Lewis,1,0,0,1970,1970
H. L. Robinson,1,0,0,1949,1949
Tom Lutalo,1,0,0,2020,2020
Anneli Ivarsson,1,0,0,2020,2020
