fullname,Papers,Cites,H-Index,HM-Index,First,Last
John C. Caldwell,20,1351,13,12,1963,2004
Samuel H. Preston,14,1204,11,11,1974,2016
John E. Knodel,15,620,11,10,1967,2000
John P.M. Bongaarts,11,424,9,9,1976,2019
Michael J. Murphy,12,383,11,9,1985,2016
Mead T. Cain,7,250,7,7,1982,1991
Robert I. Woods,7,366,7,7,1983,2005
Gigi Santow,9,358,7,7,1979,1998
James Trussell,10,405,9,7,1977,1996
Henri Léridon,9,306,7,7,1969,2008
John N. Hobcraft,11,644,8,7,1982,2006
John G.F. Cleland,7,686,6,6,1987,2003
Óystein Kravdal,10,413,6,6,1992,2019
Alberto Palloni,11,204,7,6,1975,2009
Ronald Demos Lee,6,271,6,6,1974,2008
Chris Wilson,6,677,6,6,1981,1999
Barbara S. Okun,7,190,6,6,1994,2016
Jan M. Hoem,7,333,6,6,1989,2016
Dov Friedlander,8,219,8,6,1966,2002
Robert G. Potter,20,294,9,6,1956,1986
Kathleen E. Kiernan,6,428,6,6,1983,1999
Ronald F. Freedman,13,258,10,6,1954,1990
Warren C. Robinson,5,181,5,5,1961,1997
Ulla M. Larsen,7,185,7,5,1994,2008
Julie S. DaVanzo,6,230,5,5,1982,2006
Linda G. Martin,5,169,5,5,1980,2011
Michael D. Bracher,6,255,6,5,1981,1998
Guy Stecklov,6,282,6,5,1999,2016
Griffith Feeney,6,205,5,5,1980,1994
Frans W.A. Van Poppel,7,213,6,5,1995,2016
David Sven Reher,7,98,6,5,1989,2020
Lolagene C. Coombs,7,181,6,5,1966,1979
Mindel C. Sheps,5,196,5,5,1963,1966
Thomas McKeown,6,649,5,5,1955,1978
D. V. Glass,15,78,5,5,1950,1971
William Henry James,11,80,5,5,1963,1978
Kenneth Hailey Hill,11,265,7,5,1977,2016
Nathan Keyfitz,10,116,5,5,1949,1996
Francesco C. Billari,9,431,7,5,2001,2019
A. K.M. Alauddin Chowdhury,5,140,5,5,1972,1987
Emily Grundy,8,163,6,5,1991,2020
John F. Ermisch,5,155,5,5,1979,2015
Griselda Rowntree,7,68,5,5,1949,1964
Ansley Johnson Coale,7,246,5,5,1957,1996
Etienne van de Walle,6,326,5,5,1965,2000
Judah Matras,4,56,4,4,1960,1965
Zhongwei Zhao,5,59,4,4,1994,2004
Aart C. Liefbroer,5,201,5,4,2001,2015
Kenneth W. Wachter,4,77,4,4,1986,2006
Thomas J. Espenshade,4,60,4,4,1972,1988
Pat Caldwell,4,408,4,4,1977,1992
Sandra L. Huffman,5,132,4,4,1978,1987
Larry L. Bumpass,5,801,4,4,1982,2000
Michael L. Anderson,4,73,4,4,1993,1998
Peter Laslett,4,146,4,4,1969,1985
Alícia Adserà,4,142,4,4,2006,2014
Tehsiung Sun,4,147,4,4,1978,1990
Sidney Goldstein,4,112,4,4,1970,1997
Jerzy Zubrzycki,4,106,4,4,1953,1962
Brian D. Silver,4,76,4,4,1986,1995
Yi Zeng,4,161,4,4,1988,2004
Judith Blake,4,145,4,4,1966,1968
Carol Vlassoff,4,171,4,4,1980,1992
Michael R. Haines,4,121,4,4,1978,1995
Michael Vlassoff,4,90,4,4,1979,1984
John Hajnal,8,317,4,4,1947,1957
Robert D. Retherford,6,111,5,4,1973,2010
Basia W. Żaba,6,176,4,4,1979,2020
David M. Heer,6,67,4,4,1964,1977
Michel Guillot,7,153,6,4,2002,2019
Joseph Earl Potter,6,104,5,4,1977,2013
Ian M. Timæus,6,142,4,4,1994,2018
Charlotte J. Erickson,4,74,4,4,1949,1990
E. Anthony Wrigley,6,180,4,4,1970,1994
David A. Coleman,6,158,5,4,1999,2015
Daniel M. Goodkind,4,81,4,4,1995,2015
Barbara A. Anderson,4,76,4,4,1986,1995
John G.C. Blacker,8,76,5,4,1957,2007
Alaka Malwade Basu,5,195,5,4,1989,2004
William Brass,8,103,4,4,1953,1996
Pekka Martikainen,8,186,7,4,1995,2018
Melinda C. Mills,3,75,3,3,2010,2015
Zachary S. Zimmer,3,142,3,3,2002,2011
George J. Stolnitz,3,130,3,3,1955,1965
James C. Riley,3,66,3,3,1989,2003
George C. Alter,3,94,3,3,1983,2004
Sangeetha Madhavan,3,69,3,3,2002,2017
Patrick R. Galloway,3,266,3,3,1985,1994
Wolfgang Lutz,3,26,3,3,1987,2015
Lee L. Bean,3,107,3,3,1978,1986
Stan R. Becker,3,64,3,3,1986,2008
William R. Lavely,3,58,3,3,1984,2001
P. E.H. Hair,3,107,3,3,1966,1971
G. W. Roberts,3,34,3,3,1948,1966
Jerzy Berent,3,45,3,3,1952,1970
Jennifer S. Barber,3,105,3,3,1998,2017
T. H. Hollingsworth,3,90,3,3,1957,1975
Gabriele Doblhammer,3,146,3,3,2000,2013
Philip Kreager,3,43,3,3,1988,2015
Andrew D. Foster,3,91,3,3,1990,1993
Michael A. Koenig,3,138,3,3,1984,2012
Monica Das Gupta,3,141,3,3,1995,1998
C. J. Martin,3,21,3,3,1949,1953
Steven Cherry,3,41,3,3,1972,1980
Máire Ní Bhrolcháin,3,76,3,3,1987,2011
Shea O. Rutstein,3,429,3,3,1984,2014
Cormac Ó. Gráda,3,73,3,3,1975,1995
Janet W. Salaff,3,31,3,3,1972,1976
Maxine Weinstein,4,120,4,3,1987,1990
Cynthia B. Lloyd,3,240,3,3,1993,2008
Shiro Horiuchi,3,113,3,3,1982,2007
P. N.Mari Bhat,3,133,3,3,1999,2002
A. Meredith John,3,52,3,3,1987,1990
Ian D. Diamond,3,136,3,3,1983,1999
Jane A. Menken,3,58,3,3,1987,1997
Monica das Gupta,3,411,3,3,1990,2013
J. Mayone Stycos,3,14,3,3,1978,1983
Sara R. Millman,3,109,3,3,1985,1986
Simon A.J. Gregson,3,127,3,3,1994,2003
Warren Bailley Miller,3,157,3,3,2004,2017
Mingcheng Chang,3,144,3,3,1982,2002
Alex Chika Ezeh,3,192,3,3,2001,2005
Sara C. Randall,3,84,3,3,1996,2011
Jeremiah M. Sullivan,3,74,3,3,1972,1979
Lincoln C. Chen,3,172,3,3,1974,1976
Helen Ware,3,51,3,3,1973,1977
Charles Hirschman,3,55,3,3,1980,2001
R. G. Record,3,504,3,3,1962,1975
Eliya Msiyaphazi Zulu,3,228,3,3,2002,2010
Heather Joshi,3,135,3,3,1987,2000
Nicholas F.R. Crafts,5,50,4,3,1975,1989
Kathryn Mary Yount,4,70,4,3,2001,2010
Fjalar S.A. Finnäs,4,44,3,3,1991,2018
Michael A. Stoto,4,81,4,3,1983,1990
Bertram Hutchinson,4,24,3,3,1957,1961
Lienping Chow,4,27,3,3,1965,1974
Gordon F. de Jong,4,315,4,3,1977,2000
David Wolfers,4,81,3,3,1968,1975
P. H. Karmel,4,42,3,3,1947,1948
Victor Agadjanian,4,130,4,3,2001,2017
Matthijs Kalmijn,4,262,3,3,2005,2010
Hill Kulu,4,56,3,3,2007,2019
Carl Mosk,4,78,3,3,1979,1987
Hans Peter E. Köhler,5,343,4,3,2000,2005
Vladimir M. Shkolnikov,4,81,4,3,2004,2013
Julian L. Simon,5,56,3,3,1969,1983
John B. Casterline,5,259,3,3,1986,2020
Jan van Bavel,5,154,5,3,2003,2018
Irma T. Elo,5,120,5,3,1999,2018
Peter J. Donaldson,5,47,3,3,1978,2002
Noreen Goldman,7,78,5,3,1980,2003
Vladimir Canudas-Romo,6,58,4,3,2005,2020
Stuart Gietel-Basten,5,59,4,3,2013,2019
Charles F. Westoff,6,59,4,3,1956,1987
Norman H. Carrier,6,53,4,3,1955,1972
Jona Schellekens,6,117,5,3,1985,2017
John C. Barrett,4,223,3,3,1969,1974
France Meslé,4,59,3,3,1999,2020
Barbara Sena Mensch,4,170,3,3,1985,2020
Éva Beaujouan,4,150,4,3,2011,2018
Ronald R. Rindfuss,4,60,4,3,1980,1986
Anrudh Kumar Jain,4,108,3,3,1969,1985
P. H. Reddy,2,253,2,2,1983,1983
Christabel M. Young,2,40,2,2,1975,1991
Jennifer L. Glanville,2,137,2,2,2002,2007
Dallas F S Fernando,2,28,2,2,1972,1975
Margaret P. Parker,2,90,2,2,1964,1965
Gertrude E. Huntington,2,45,2,2,1966,1979
Cameron D. Campbell,2,111,2,2,1994,1995
S. Philip Morgan,2,65,2,2,1984,1996
Henriette Engelhardt,2,118,2,2,2004,2009
Laurence M. Grummer-Strawn,2,73,2,2,1992,1993
R. J. Roshier,2,58,2,2,1966,1966
Wiley Henry Mosley,2,154,2,2,1974,1978
N. K. Sarkar,2,9,2,2,1951,1956
Lee Jay Cho,2,31,2,2,1978,1988
Evgeny M. Andreev,2,40,2,2,2004,2011
P. Neal Ritchey,2,8,2,2,1973,1975
David R. Weir,2,75,2,2,1990,1994
John R. Wilmoth,2,53,2,2,1995,2012
Tom A. Moultrie,2,113,2,2,2003,2012
William George Axinn,2,62,2,2,1993,1998
Herman E. Daly,2,25,2,2,1971,1985
Nan Li,2,29,2,2,1999,2003
Tarun Kumar Roy,2,285,2,2,1998,2006
Patrick Heuveline,2,83,2,2,1998,2015
W. G. Emmett,2,14,2,2,1950,1954
Phillip R. Kunz,2,34,2,2,1974,1976
Deborah L. Balk,2,194,2,2,1994,1997
Adenola A. Igun,2,24,2,2,1970,1971
Alexander J. Mercer,2,49,2,2,1985,1986
Timothy B. Gage,2,27,2,2,1986,1993
Frank L. Mott,2,24,2,2,1972,1983
John D. Durand,2,66,2,2,1950,1960
Henry B.M. Murphy,2,20,2,2,1951,1952
Graziella Caselli,2,33,2,2,2006,2011
G. W. Roberts,2,14,2,2,1955,1961
J. Anson,2,37,2,2,1991,2004
Michel L. Garenne,2,76,2,2,1989,2002
Julius Isaac,2,5,2,2,1949,1950
Aude Bernard,2,42,2,2,2014,2017
Neil H. Thomas,2,19,2,2,1991,1993
Heather Booth,2,238,2,2,1984,2002
Daniel C. Clay,2,56,2,2,1992,1993
Janet D. Griffith,2,55,2,2,1984,1985
Martin Bell,2,65,2,2,2000,2014
James Allman,2,18,2,2,1978,1979
Anatole Romaniuk,2,66,2,2,1973,1980
Mark J. VanLandingham,2,76,2,2,1992,2001
Bertrand Desjardins,2,52,2,2,1990,1995
Rachel M. Pierce,2,24,2,2,1961,1961
Abdelmegid M. Farrag,2,15,2,2,1959,1964
Jacques Légaré,2,55,2,2,1990,1997
Gerḿan Rodríguez,2,103,2,2,1988,1992
Y. C. Yu,2,9,2,2,1978,1979
Nicky Hart,2,87,2,2,1993,1998
Peter Anthony Lachenbruch,2,25,2,2,1967,1968
Elizabeth Thomson,2,73,2,2,1999,2011
Roger S. Schofield,2,131,2,2,1971,1983
Helen P. Koo,2,55,2,2,1984,1985
Torkild Hovde Lyngstad,2,16,2,2,2009,2018
Arland D. Thornton,2,38,2,2,1977,2012
Les D. Mayhew,2,15,2,2,2013,2015
Irene Barnes Taeuber,2,15,2,2,1947,1960
Robert V. Wells,2,67,2,2,1971,1992
Jean Marie Robine,2,80,2,2,2006,2007
Massimo Livi Bacci,2,62,2,2,1968,1968
Michael S. Teitelbaum,2,27,2,2,1974,2015
B. Benjamin,2,12,2,2,1964,1964
Ruth B. Dixon,2,184,2,2,1971,1978
Alice Goldstein,2,80,2,2,1981,1997
Charles Wick Warren,2,25,2,2,1988,1992
Jackie Li,2,43,2,2,2013,2016
Michael J. White,2,61,2,2,1999,2006
Norman B. Ryder,2,16,2,2,1984,1985
Elizabeth Frankenberg,2,90,2,2,2002,2005
John E. Stoeckel,2,30,2,2,1972,1980
Violetta Hionidou,2,35,2,2,1998,2002
Guido Alfani,2,25,2,2,2010,2019
T. James Trussell,2,87,2,2,1974,1975
David Smith,2,15,2,2,2013,2015
Joseph Chamie,2,53,2,2,1977,1986
Helga A.G. De Valk,2,31,2,2,2007,2017
Carl Paul Schmertmann,2,19,2,2,1992,2013
Clyde H. Coombs,2,74,2,2,1975,1975
S. Philip Morgan,2,165,2,2,1993,1996
Anne Retel-Laurentin,2,14,2,2,1976,1981
Derek F.M. Roberts,2,25,2,2,1959,1971
Martin Piotrowski,2,26,2,2,2007,2012
Mark Spoerer,2,21,2,2,2002,2006
El Sayed E. Nour,2,7,2,2,1983,1984
Kia I. Reinis,2,23,2,2,1992,1994
Anthony T. Flegg,2,141,2,2,1979,1982
Anne R. Pebley,2,23,2,2,1981,1985
S. Ahmed,2,30,2,2,2001,2008
Enid J. Schatz,2,31,2,2,2009,2012
Patrick Lusyne,2,30,2,2,2001,2008
Gunnar Andersson,2,102,2,2,2005,2007
Peter R. Uhlenberg,2,71,2,2,1969,1995
J. R. Rele,2,9,2,2,1962,1974
Scott T. Yabiku,2,97,2,2,2005,2010
Philip Howell Rees,2,40,2,2,2000,2014
Gösta Carlsson,2,149,2,2,1966,1970
Elina K. Nihtilä,2,110,2,2,2005,2007
Oiva Turpeinen,2,41,2,2,1978,1979
Timothy W. Guinnane,2,82,2,2,1991,2002
John A. Hostetler,2,45,2,2,1966,1979
Dharmalingam Arunachalam,2,99,2,2,1993,1996
Ronald P. Dore,2,13,2,2,1953,1959
Shige Song,2,31,2,2,2008,2013
John Peel,2,40,2,2,1963,1964
Victoria Hosegood,2,93,2,2,2007,2010
Allan Schnaiberg,2,18,2,2,1973,1974
A. M. Henderson,2,21,2,2,1949,1950
Paola Di Giulio,2,111,2,2,2011,2012
Elise F. Jones,2,20,2,2,1981,1982
J. Timothy Johnson,2,25,2,2,1988,1992
Vincent Heath Whitney,2,4,2,2,1976,1976
Zvi Eisenbach,2,46,2,2,1979,2002
William P. Butz,2,116,2,2,1983,1985
Roy E. Jones,2,28,2,2,1976,1980
Kenneth Alan Bollen,2,137,2,2,2002,2007
Massimo Livi-Bacci,2,13,2,2,1974,2015
James W. Wood,2,64,2,2,1988,1990
Hilary Page,2,30,2,2,2001,2008
Andres Vikat,2,87,2,2,1999,2007
W. D. Borrie,2,21,2,2,1957,1959
Wang Feng,2,111,2,2,1994,1995
Elyse A. Jennings,2,10,2,2,2016,2017
I. O. Orubuloye,2,115,2,2,1975,1992
Patricia A. Watterson,2,208,2,2,1988,1989
Chris Galley,2,82,2,2,1995,2001
Emily M. Agree,2,54,2,2,2005,2010
Jiajian Chen,2,48,2,2,2007,2010
Trude Lappegård,2,122,2,2,2010,2012
Brienna Perelli-Harris,2,148,2,2,2005,2012
Calvin Goldscheider,2,51,2,2,1978,1979
Marika Jalovaara,2,110,2,2,2001,2012
N. J. Ireland,2,12,2,2,1975,1976
James A. Palmore,2,32,2,2,1982,1986
Thomas Schindlmayr,2,121,2,2,2003,2004
Ron J. Lesthaeghe,2,54,2,2,1971,1980
Anna Matysiak,2,67,2,2,2009,2014
Caroline Berghammer,2,117,2,2,2012,2012
C. Shannon Stokes,2,21,2,2,1973,1986
Francis Nii Amoo Dodoo,2,145,2,2,2001,2002
Jennifer A. Holland,2,21,2,2,2011,2017
N. Krishnan Namboodiri,2,14,2,2,1970,1972
Gary H. McClelland,2,74,2,2,1975,1975
Douglas C. Ewbank,2,56,2,2,1982,1983
B. Benjamin,2,10,2,2,1955,1958
Hannes Hyrenius,3,17,2,2,1949,1958
Robert Schoen,3,29,3,2,1984,2005
Francesco Scalone,3,41,3,2,2014,2017
Ralph R. Sell,4,27,2,2,1977,1978
Alan Gray,3,37,2,2,1986,1989
Mohamed Mahmoud Ali,3,45,2,2,2003,2007
Harvey Leibenstein,3,16,2,2,1969,1971
Samarendranath Mitra,4,11,2,2,1980,1987
D. Peter Mazur,4,11,2,2,1972,1975
Frans J.C. Willekens,4,50,3,2,1982,2017
Louis Henry,3,18,2,2,1964,1980
Ronald R. Rindfuss,4,51,4,2,1984,2012
S. A. Meegama,4,34,2,2,1967,1979
David Yaukey,4,29,3,2,1965,1979
Philip C. Sagi,3,34,3,2,1961,1962
H. Gille,4,48,2,2,1948,1952
Rebecca Sear,3,25,2,2,2015,2019
Alice Reid,3,76,3,2,2001,2020
Magali Barbieri,2,68,2,2,1996,2008
Geraldine P. Mineau,2,71,2,2,1979,1986
Carine Ronsmans,2,132,2,2,1995,2006
Mark H. Skolnick,2,68,2,2,1978,1979
Abbas Uddin Bhuiya,2,77,2,2,1991,1997
Gilles Pison,2,43,2,2,1985,2014
R. W. Hiorns,3,74,3,2,1999,2002
Mikko Myrskylä,6,48,4,2,2014,2020
Christophe Z. Guilmoto,4,59,2,2,1998,2020
Cicely Watson,6,16,2,2,1952,1954
Denis Peter Mazur,3,16,2,2,1967,1975
Gareth Jones,3,45,2,2,2003,2007
Avraham Y. Ebenstein,3,29,3,2,2013,2015
Evert van Imhoff,3,58,3,2,1992,1997
Dirk J. van de Kaa,4,186,4,2,1991,2013
Martin Dribe,4,91,3,2,2004,2020
Christopher Tietze,3,10,3,2,1955,1962
Philippe Fargues,3,25,2,2,1979,1990
Georgia Verropoulou,3,44,2,2,2010,2019
S. M. Farid,3,16,2,2,1973,1976
Bernard Berelson,3,31,3,2,1971,1980
Joshua R. Goldstein,3,47,3,2,2006,2018
David K. Guilkey,3,69,3,2,1986,1997
Lincoln H. Day,3,44,2,2,1965,1986
Joseph J. Spengler,3,13,2,2,1955,1970
T. R. Balakrishnan,3,22,3,2,1969,1978
Thomas W. Pullum,3,22,3,2,1981,1999
Minja Kim Choe,3,281,3,2,1994,2010
H. J. Page,3,96,3,2,1976,1980
Laurie F. DeRose,3,51,2,2,2002,2017
Alden Speare,3,83,3,2,1967,1973
Ernestina E. Coast,3,67,2,2,2003,2018
H. V. Muhsam,3,41,2,2,1951,1960
Jane E. Miller,3,57,2,2,1989,1995
Jessica Nisén,3,19,2,2,2014,2020
C. E.V. Leser,3,19,2,2,1955,1958
Satvika Chalasani,3,54,3,2,2012,2020
Hendrik P. Van Dalen,3,117,2,2,2005,2020
Susheela D. Singh,3,32,2,2,1979,1985
Gavin W. Jones,3,31,3,2,1977,1983
Alain Blum,3,60,3,2,1989,1996
John A. Ross,3,10,2,2,1980,1984
Charles A. Price,3,66,2,2,1962,1965
Kieron J. Barclay,3,14,2,2,2017,2020
Alexia Prskawetz,3,176,2,2,2001,2017
N. Keilman,3,34,3,2,1994,2001
Tarani Chandola,3,74,3,2,1999,2002
Martin Kolk,3,40,2,2,2014,2020
Michael Freeberne,3,7,2,2,1964,1966
James W. Vaupel,3,176,2,2,1986,2004
Tomas Frejka,3,32,2,2,1968,2005
Donald W. Hastings,2,15,2,2,1971,1972
Brendan M. Walsh,2,40,2,2,1970,1995
V. C. Chidambaram,2,12,2,2,1981,1982
John W. McDonald,2,420,2,2,1984,1985
R. G. Brown,2,227,2,2,1955,1972
Chirayath M. Suchindran,6,63,3,2,1979,1985
Jean Pierre L. Habicht,2,116,2,2,1983,1985
Sajeda Amin,2,36,2,2,1998,2004
R. Sauer,2,77,2,2,1974,1978
Terence H. Hull,2,31,2,2,1977,1977
Ph van Praag,2,6,2,2,1977,1978
Abdur Razzaque,2,114,2,2,1990,2008
Norman Y. Luther,2,35,2,2,1988,1990
Tim P. Dyson,2,103,2,2,1991,1991
D. I. Pool,2,4,2,2,1967,1973
B. D. Misra,2,58,2,2,1980,1984
Paul Conal Winters,2,110,2,2,2002,2007
Anthony H. Richmond,2,19,2,2,1964,1968
Anastasia Jessica Gage,2,135,2,2,1998,2006
Dominique Meekers,2,83,2,2,1994,1999
Anastasia J. Gage-Brandon,2,114,2,2,1993,1994
Youssef Courbage,2,34,2,2,1979,1997
Roy Malcolm Anderson,2,83,2,2,1994,1999
Renzo Derosas,2,22,2,2,2009,2010
Susan E. Short,2,58,2,2,2000,2004
Jay Murray Winter,2,75,2,2,1976,1977
Eric S. Richards,2,10,2,2,1997,1999
Eugene A. Hammel,2,86,2,2,1994,2004
Francine van de Walle,2,38,2,2,1975,1989
George B. Simmons,2,58,2,2,1980,1984
Vasilios G. Valaoras,2,11,2,2,1950,1965
Donald J. Morse,2,35,2,2,1993,1993
Peter E. Razzell,2,61,2,2,1972,1974
J. H. Woodward,2,208,2,2,1988,1989
Aad W. van der Vaart,1,5,1,1,2007,2007
L. W. St John-Jones,1,2,1,1,1979,1979
Shreeniwas Sudha,1,30,1,1,1997,1997
Zenas M. Sykes,1,12,1,1,1980,1980
Mary E. Deeb,1,15,1,1,1997,1997
Catherine Panter-Brick,1,30,1,1,1996,1996
Harri Siiskonen,1,13,1,1,2000,2000
Andrew Hinde,1,12,1,1,2000,2000
Jean Walters MacCluer,1,8,1,1,1986,1986
Richard E. Bilsborrow,1,26,1,1,1986,1986
Natalie Kyriazis,1,4,1,1,1982,1982
Anne Emmanuèle Calvès,1,29,1,1,1999,1999
Paula M. Lantz,1,12,1,1,1992,1992
Gerry Redmond,1,28,1,1,2005,2005
Hamed Abou-Gamrah,1,1,1,1,1976,1976
Stephen Meir Tollman,1,34,1,1,2002,2002
Phillips Cutright,1,3,1,1,1973,1973
Zeba A. Sathar,1,83,1,1,1984,1984
Susan C.M. Scrimshaw,1,47,1,1,1975,1975
Tineke Fokkema,1,51,1,1,2005,2005
Frances Kobrin Goldscheider,1,92,1,1,1990,1990
Elizabeth Overton,1,43,1,1,1985,1985
Franklin F. Mendels,1,10,1,1,1978,1978
Gunter Steinmann,1,19,1,1,1992,1992
E. Ben-Moshe,1,13,1,1,1985,1985
Peter Sandiford,1,65,1,1,1995,1995
Porntip Sriwatcharin,1,37,1,1,1999,1999
Thomas A. Mroz,1,39,1,1,1990,1990
J. C. Gomez de Leon,1,48,1,1,1983,1983
François Pelletier,1,23,1,1,1997,1997
Tara Kanitkar,1,4,1,1,1974,1974
Quincy Thomas Stewart,1,66,1,1,1999,1999
Parfait M. Eloundou-Enyegue,1,11,1,1,2003,2003
D. Guz,1,19,1,1,1991,1991
Arjan Gjonça,1,20,1,1,2001,2001
Kirsty McNay,1,59,1,1,2003,2003
Birgitta Bucht,1,8,1,1,1986,1986
Hélène Vézina,1,18,1,1,2017,2017
Suzana Cavenaghi,1,11,1,1,2013,2013
Riad B. Tabbarah,1,4,1,1,1964,1964
Fred M.M. Lewes,1,4,1,1,1984,1984
P. O. Olusanya,1,10,1,1,1969,1969
Sara Peracca,1,37,1,1,1999,1999
R. Kanbargi,1,7,1,1,1984,1984
Virginia Garrard-Burnett,1,19,1,1,2008,2008
Khuat Thi Hai Oanh,1,14,1,1,2009,2009
Charles E. Nobbe,1,14,1,1,1974,1974
Michel P.A. Cayemittes,1,6,1,1,1991,1991
Simona Korenjak-Černe,1,7,1,1,2015,2015
Cornelius Y. Debpuur,1,52,1,1,2006,2006
Serguei Adamets,1,25,1,1,2002,2002
B. A. Lagger,1,3,1,1,2001,2001
V. Heuchel,1,85,1,1,1980,1980
Wim F. Wertheim,1,6,1,1,1959,1959
John Ssekamatte-Ssebuliba,1,24,1,1,2005,2005
Norma McArthur,1,2,1,1,1959,1959
Lee A. Lillard,1,22,1,1,1995,1995
Francis C. Madigan,1,6,1,1,1976,1976
Marit Rönsen,1,27,1,1,2010,2010
Alex de Waal,1,50,1,1,1989,1989
Sugiyama Iutaka,1,10,1,1,1971,1971
Michael S. Rendall,1,27,1,1,2010,2010
J. Marcotte,1,17,1,1,1984,1984
Alessandra De Rose,1,27,1,1,2010,2010
Britta Hoem,1,92,1,1,1989,1989
Ted A. Telford,1,19,1,1,1992,1992
William Seltzer,1,9,1,1,1969,1969
Jane Gilbert Mauldon,1,56,1,1,1992,1992
B. W. Higman,1,28,1,1,1973,1973
Allan N. Sharlin,1,3,1,1,1978,1978
Eric de Cooman,1,38,1,1,1987,1987
Väinö Kannisto,1,65,1,1,1988,1988
Alberto Sanz-Gimeno,1,11,1,1,2000,2000
Guillaume J. Wunsch,1,5,1,1,1976,1976
Srinivasa Ambirajan,1,29,1,1,1976,1976
David J. Loschky,1,3,1,1,1976,1976
Ariela Keysar,1,13,1,1,1985,1985
Harriet Birungi,1,18,1,1,2010,2010
Tom O. Owuor,1,10,1,1,2001,2001
Peter Streble,1,58,1,1,1987,1987
Donna B. Sulak,1,3,1,1,1988,1988
Ian M. Tamæus,1,54,1,1,2003,2003
Ann M. DiGirolamo,1,7,1,1,2009,2009
Katherine L. Bourne,1,35,1,1,1991,1991
Richard F. Tomasson,1,20,1,1,1977,1977
Gianpiero Dalla-Zuanna,1,2,1,1,2010,2010
Alena Heitlinger,1,16,1,1,1976,1976
Julie da Vanzo,1,72,1,1,2008,2008
Helena Chojnacka,1,14,1,1,1976,1976
Mark Poffenberger,1,4,1,1,1983,1983
Richard S. Monteith,1,11,1,1,1988,1988
Heather Juby,1,18,1,1,1998,1998
Isabelle Attané,1,27,1,1,2009,2009
Karsten Hank,1,41,1,1,2010,2010
Sue Teper,1,1,1,1,1978,1978
Eugene P. Ericksen,1,35,1,1,1979,1979
Wilma Johanna Nusselder,1,7,1,1,2016,2016
Ann Bowman Jannetta,1,18,1,1,1992,1992
Nikolai Botev,1,25,1,1,1990,1990
Melita C. Gesche,1,113,1,1,1974,1974
Bhanu B. Niraula,1,46,1,1,1996,1996
Georges Sabagh,1,7,1,1,1970,1970
Akim J. Mturi,1,12,1,1,2000,2000
Charles B. Teddlie,1,3,1,1,1979,1979
Frederick H.A. Aalen,1,4,1,1,1963,1963
Barbara Laslett,1,5,1,1,1987,1987
Kate Hampshire,1,15,1,1,2000,2000
Anouch Chahnazarian,1,6,1,1,1991,1991
Anthony H. Galt,1,2,1,1,1979,1979
Bui The Cuong,1,52,1,1,2000,2000
George T. Bicego,1,6,1,1,1991,1991
Constantijn W.A. Panis,1,22,1,1,1995,1995
Hai S. Halevi,1,1,1,1,1956,1956
Máire Ní Bhrolcháin,1,109,1,1,2012,2012
Antoinette M. Stroup,1,8,1,1,2015,2015
Thomas K. LeGrand,1,36,1,1,1996,1996
Céline Le Bourdais,1,18,1,1,1998,1998
Ann E. Biddlecom,1,36,1,1,2005,2005
Nancy Luke,1,22,1,1,2010,2010
Omer R. Galle,1,3,1,1,1973,1973
Philip Verwimp,1,39,1,1,2004,2004
Brian L. Pitcher,1,6,1,1,1974,1974
SØlvi B. Sogner,1,6,1,1,1963,1963
N. Krishnan Namboodiri,1,88,1,1,1972,1972
Wayne A. Schutjer,1,16,1,1,1986,1986
Helmut V. Muhsam,1,1,1,1,1975,1975
Martin P. Brockerhoff,1,71,1,1,2003,2003
Bryan L. Boulier,1,5,1,1,1986,1986
Monica Akinyi Magadi,1,71,1,1,2003,2003
Ghazi M. Farooq,1,4,1,1,1974,1974
Kim Streatfield,1,61,1,1,1991,1991
Frances E. Kobrin,1,17,1,1,1981,1981
Muriel Neven,1,22,1,1,2007,2007
Peter Skol̈d,1,16,1,1,1996,1996
Gretchen A. Condran,1,60,1,1,1994,1994
Romana Peronaci,1,28,1,1,2000,2000
H. Yuan Tien,1,4,1,1,1970,1970
Arild Saether,1,2,1,1,1993,1993
Nicola Terceira,1,44,1,1,2003,2003
Alan R. Sweezy,1,15,1,1,1971,1971
Dirgha J. Ghimire,1,14,1,1,2012,2012
Jesús Javier Sánchez Barricarte,1,4,1,1,2017,2017
Baron L. Moots,1,34,1,1,1978,1978
Fernando González-Quinones,1,23,1,1,2003,2003
Allan M. Parnell,1,11,1,1,1983,1983
Jane E. Vander Haar,1,27,1,1,1993,1993
Pedro Luis Iriso-Napal,1,17,1,1,1989,1989
Ian M. Timaæus,1,23,1,1,2004,2004
Karla Oosterveen,1,39,1,1,1973,1973
Ma Linmao,1,24,1,1,2000,2000
S. Ryan Johansson,1,59,1,1,1987,1987
Ephraim Hlophe,1,14,1,1,1992,1992
Lilach Lion Elmakias,1,24,1,1,2002,2002
Gugulethu Gule,1,14,1,1,1992,1992
Ole Jørgen Benedictow,1,24,1,1,1987,1987
Henry S. Shryock,1,2,1,1,1950,1950
Lee E. Edlefsen,1,5,1,1,1981,1981
Paola DiGiulio,1,27,1,1,2010,2010
Angela Reynar,1,49,1,1,1998,1998
Flávia Cristina,1,42,1,1,2004,2004
Emma Lundholm,1,10,1,1,2018,2018
Michele Gragnolati,1,8,1,1,1999,1999
Kelly A. Musick,1,15,1,1,2014,2014
Napaporn Havanon,1,6,1,1,1992,1992
George T. Curlin,1,28,1,1,1976,1976
Ronald G. Ridker,1,7,1,1,1969,1969
Phillip Neal Ritchey,1,36,1,1,1975,1975
Celeste M. Smucker,1,24,1,1,1980,1980
Jean L.E. Bourgeois-Pichat,1,12,1,1,1971,1971
J. Henripin,1,4,1,1,1982,1982
Mary Beth Ofstedal,1,53,1,1,2002,2002
Tomas Kögel,1,107,1,1,2004,2004
Gerda Neyer,1,67,1,1,2001,2001
Paul L. Menchik,1,110,1,1,1993,1993
R. E. Lightbourne,1,7,1,1,1982,1982
José Alberto Magno de Carvalho,1,42,1,1,2004,2004
Robert Kominski,1,5,1,1,1984,1984
Jan Hatzius,1,188,1,1,1997,1997
Kåre Bævre,1,3,1,1,2014,2014
Amandine Cournil,1,17,1,1,2006,2006
Caroline W. Kabiru,1,15,1,1,2017,2017
Godwin A. Udofia,1,6,1,1,1979,1979
Tom Zhuwau,1,57,1,1,1999,1999
Jochen Fleischhacker,1,7,1,1,2002,2002
Samson W. Wasao,1,14,1,1,1996,1996
Michaela Kreyenfeld,1,95,1,1,2012,2012
Lena Edlund,1,5,1,1,2015,2015
Ian R.H. Rockett,1,10,1,1,1981,1981
Susan de Vos,1,27,1,1,1987,1987
Harriet B. Presser,1,12,1,1,1969,1969
Judith Banister,1,97,1,1,2004,2004
Karen N. Eggleston,1,11,1,1,2015,2015
Lucky M. Tedrow,1,5,1,1,1976,1976
Melvin Zelnik,1,12,1,1,1966,1966
Renata T. Forste,1,37,1,1,1994,1994
Andrew J. Cherlin,1,55,1,1,1999,1999
R. W. Hodge,1,5,1,1,1972,1972
Robert E. Elder,1,3,1,1,1974,1974
Luis R. Rosero-Bixby,1,60,1,1,1993,1993
Shripad D. Tuljapurkar,1,18,1,1,1999,1999
Brenda Davis Root,1,58,1,1,1991,1991
Bennett Dyke,1,8,1,1,1986,1986
Mary F. Hollingsworth,1,38,1,1,1971,1971
James R. Abernathy,1,6,1,1,1976,1976
Elsie R. Pamuk,1,254,1,1,1985,1985
E. W. Bock,1,10,1,1,1971,1971
Andrés Peri,1,14,1,1,1999,1999
Tapani Valkonen,1,24,1,1,2009,2009
Murray Gendell,1,5,1,1,1973,1973
Farhat Yusuf,1,10,1,1,1981,1981
Susan L. Norton,1,20,1,1,1971,1971
Sonia R. Bhalotra,1,13,1,1,2008,2008
Mikhail Borisovich Denisenko,1,8,1,1,2013,2013
Steve Smallwood,1,27,1,1,2010,2010
Omar B. Ahmad,1,76,1,1,2003,2003
Napaporn Chayovan,1,5,1,1,1990,1990
Julian Bharier,1,16,1,1,1968,1968
John D. Allingham,1,4,1,1,1969,1969
Baran Tuncer,1,4,1,1,1974,1974
Savitri Thapar,1,1,1,1,1963,1963
Theo L.M. Engelen,1,19,1,1,1986,1986
Valerie Kincade Oppenheimer,1,2,1,1,1967,1967
Yitchak Haberfeld,1,22,1,1,2001,2001
H. W. Dalrymple,1,22,1,1,1968,1968
Malini Karkal,1,3,1,1,1972,1972
Piers M. Blaikie,1,2,1,1,1972,1972
Jan I. Ondrich,1,14,1,1,1998,1998
Sergio Díaz-Briquets,1,16,1,1,1981,1981
Steven Ruggles,1,72,1,1,1992,1992
Andrew Kantner,1,5,1,1,1998,1998
Jayanti M. Tuladhar,1,6,1,1,1982,1982
Dmitri A. Jdanov,1,14,1,1,2011,2011
Alejandro N. Herrin,1,6,1,1,1976,1976
Timm Thorsen,1,3,1,1,1972,1972
John H. Maindonald,1,211,1,1,2002,2002
Alexander A. Weinreb,1,10,1,1,2016,2016
J. W. Nixon,1,2,1,1,1970,1970
Anthony Marino,1,8,1,1,1970,1970
John Baj,1,4,1,1,1984,1984
Robert René Kuczynski,1,2,1,1,1948,1948
Bishwa Nath Mukherjee,1,3,1,1,1975,1975
Ralph Thomlinson,1,2,1,1,1976,1976
Eino Jutikkala,1,6,1,1,1971,1971
Michael Drake,1,7,1,1,1966,1966
Benjamin Davis,1,67,1,1,2002,2002
Robert R. Bourbeau,1,23,1,1,1997,1997
Peter F. Thorbahn,1,18,1,1,1975,1975
Constantinos Kallis,1,21,1,1,2006,2006
Pauline Airey,1,48,1,1,1999,1999
Dennis A. Ahlburg,1,23,1,1,2004,2004
Nicholas C. Grassly,1,23,1,1,2004,2004
Helena Temkin-Greener,1,23,1,1,1978,1978
John S. Aird,1,2,1,1,1962,1962
Augustine Joseph Kposowa,1,2,1,1,2017,2017
Gérard Calot,1,18,1,1,1982,1982
Mary Mahy,1,23,1,1,2004,2004
Robert H. Haveman,1,3,1,1,1980,1980
Cheryl Elman,1,31,1,1,1995,1995
R. Mansell Prothero,1,3,1,1,1956,1956
John F. Kantner,1,4,1,1,1969,1969
J. Mayone Stycos,1,7,1,1,1963,1963
Joseph F. Donnermeyer,1,14,1,1,1996,1996
Christine L. Himes,1,60,1,1,1994,1994
Frank T. Denton,1,5,1,1,1974,1974
Suhas L. Ketkar,1,4,1,1,1979,1979
Joginder Kumar,1,5,1,1,1971,1971
David J. Pasta,1,88,1,1,2004,2004
Katherine Faust,1,17,1,1,2012,2012
Michael Banton,1,2,1,1,1953,1953
James P. Cunningham,1,5,1,1,1972,1972
Barbara Entwisle,1,17,1,1,2012,2012
Susan H. Jayne,1,37,1,1,1997,1997
Timothy T. Johnson,1,3,1,1,1973,1973
Paul G. Demeny,1,7,1,1,2015,2015
Olive L. Banks,1,15,1,1,1954,1954
Lauren E. Hale,1,72,1,1,2008,2008
G. M. Mirza,1,9,1,1,1982,1982
Huda C. Zurayk,1,10,1,1,1979,1979
Jane Cecelia Falkingham,1,20,1,1,2001,2001
Dorothy L. Nortman,1,8,1,1,1972,1972
Lea Keil Garson,1,6,1,1,1991,1991
Elizabeth Colson,1,45,1,1,1995,1995
Lawrence J. Severy,1,88,1,1,2004,2004
Valerie J. Hull,1,24,1,1,1977,1977
Seymour L. Wolfbein,1,19,1,1,1949,1949
Shantha Madhavan,1,5,1,1,1981,1981
James H. Mielke,1,12,1,1,1989,1989
Ellen Kruse,1,40,1,1,1997,1997
Jacques Vallin,1,25,1,1,2002,2002
Lynn B. Jorde,1,12,1,1,1989,1989
Noriko O. Tsuya,1,24,1,1,1991,1991
William D. Mosher,1,11,1,1,1980,1980
Verne E. Nelson,1,28,1,1,1974,1974
Nitai Chakraborty,1,5,1,1,1998,1998
Nadia H. Youssef,1,3,1,1,1977,1977
Thomas William Valente,1,36,1,1,2005,2005
Ghyasuddin Ahmed,1,24,1,1,1999,1999
Shyam Thapa,1,15,1,1,1982,1982
Robert K. Eastwood,1,46,1,1,2011,2011
Reiner Hans Dinkel,1,22,1,1,1985,1985
Byron J. Good,1,15,1,1,1980,1980
Warren M. Hern,1,23,1,1,1992,1992
Bali Ram,1,2,1,1,1976,1976
Bali Ram,1,3,1,1,1993,1993
Benjamin Spencer Bradshaw,1,6,1,1,1969,1969
Sian Floyd,1,75,1,1,2007,2007
Riccårdo Capocaccia,1,31,1,1,1989,1989
W. Whitney Hicks,1,2,1,1,1977,1977
Marco Bonetti,1,5,1,1,2019,2019
Harald Frederiksen,1,5,1,1,1970,1970
James W. Brackett,1,2,1,1,1962,1962
Alysa Levene,1,10,1,1,2005,2005
John F. Hoddinott,1,7,1,1,2009,2009
Wladyslaw Z. Billewicz,1,4,1,1,1955,1955
David M. Bishai,1,18,1,1,2010,2010
Omar Rahman,1,18,1,1,1999,1999
Gerald E. Markle,1,13,1,1,1977,1977
Mark W. Oberle,1,11,1,1,1988,1988
John C. Haskey,1,25,1,1,1984,1984
Cem L. Behar,1,3,1,1,1987,1987
Zdeněk Pavlík,1,22,1,1,1990,1990
Jennifer Leaning,1,9,1,1,2008,2008
S. Krishnamoorthy,1,3,1,1,1979,1979
Fiona Steele,1,21,1,1,2006,2006
David Philip Lindstrom,1,4,1,1,1998,1998
Jeffrey Cassel,1,65,1,1,1995,1995
Anton Eduard Kunst,1,21,1,1,2007,2007
Rafiqul Huda Chaudhury,1,5,1,1,1978,1978
Judith A. Fortney,1,13,1,1,1970,1970
Pieter E. Treffers,1,2,1,1,1967,1967
Laura Ann McCloskey,1,14,1,1,2008,2008
E. Susswein,1,1,1,1,1948,1948
Betty M. Giles-Bernardelli,1,1,1,1,1950,1950
Ray R. Canning,1,8,1,1,1972,1972
Signild Vallgårda,1,5,1,1,2010,2010
François Lafitte,1,1,1,1,1962,1962
Melissa Ruth Partin,1,12,1,1,1992,1992
Elizabeth Stadulis,1,22,1,1,1952,1952
Karri Silventoinen,1,10,1,1,2014,2014
Veijo Notkola,1,13,1,1,2000,2000
Amelia Catharine Crampin,1,75,1,1,2007,2007
Edward Shorter,1,77,1,1,1971,1971
Carol Klapprodt,1,5,1,1,1955,1955
Karl E. Bauman,1,4,1,1,1973,1973
Pradip K. Muhuri,1,18,1,1,1997,1997
A. Roger Thatcher,1,45,1,1,1992,1992
Akinrinola Bankole,1,138,1,1,1995,1995
Christa Katharina Spieß,1,14,1,1,1998,1998
Hilde A.J. Bras,1,22,1,1,2007,2007
Robert F. Schoeni,1,47,1,1,2006,2006
Chantal Blayo,1,18,1,1,1982,1982
Adelinde M. Uhrmacher,1,9,1,1,2017,2017
R. A. Renin,1,16,1,1,1968,1968
Izaslaw Frenkel,1,4,1,1,1976,1976
Doris P. Slesinger,1,14,1,1,1961,1961
Jaap Dronkers,1,59,1,1,2008,2008
Oriel Sullivan,1,4,1,1,1991,1991
André L.J. Langaney,1,19,1,1,1985,1985
John Blacker,1,24,1,1,2005,2005
Grant M. Farr,1,15,1,1,1980,1980
Jay H. Glasser,1,10,1,1,1968,1968
Jeffrey B. Nugent,1,25,1,1,1984,1984
Eric P. Kaufmann,1,3,1,1,2012,2012
Mildred Blaxter,1,5,1,1,1991,1991
Maud Bülbring,1,8,1,1,1954,1954
James Spillius,1,19,1,1,1957,1957
Susan Hill Cochrane,1,12,1,1,1975,1975
Christopher N. Avery,1,16,1,1,2013,2013
Geoff Peter Garnett,1,26,1,1,1994,1994
Alicia Menendez,1,33,1,1,2011,2011
Warren C. Sanderson,1,23,1,1,1990,1990
Virginia Aldigé Hiday,1,4,1,1,1974,1974
Ann M. Berrington,1,77,1,1,1999,1999
Lokky Wai,1,42,1,1,1990,1990
Raymond T. Smith,1,13,1,1,1959,1959
Weerasit Sittitrai,1,6,1,1,1992,1992
Wiji Arulampalam,1,13,1,1,2008,2008
Jyotsnarnoy Chakraborty,1,41,1,1,1978,1978
Kevin E. Schürer,1,4,1,1,2020,2020
Paul M. de Graaf,1,102,1,1,2005,2005
Fredric David Abramson,1,2,1,1,1973,1973
Carole Feldmann,1,56,1,1,1993,1993
Paul Huck,1,25,1,1,1994,1994
M. Giovanna Merli,1,29,1,1,2006,2006
Narayan Sastry,1,65,1,1,1997,1997
Hidehiro Sugisawa,1,47,1,1,2006,2006
Graziella Caselli,1,31,1,1,1989,1989
Marianne A. Jonker,1,5,1,1,2007,2007
Barrie M. Margetts,1,56,1,1,1999,1999
John Coward,1,12,1,1,1980,1980
Fanny Janssen,1,21,1,1,2007,2007
Thomas N. Maloney,1,18,1,1,2017,2017
Walter Rodrigues,1,23,1,1,1984,1984
David J. Lunn,1,16,1,1,1998,1998
Stephen K. Chandiwana,1,57,1,1,1999,1999
Carol E. Kaufman,1,16,1,1,2000,2000
Iqbal H. Shah,1,3,1,1,1987,1987
Charles B. Goodhart,1,8,1,1,1973,1973
Jeanne Clare Ridley,1,31,1,1,1966,1966
Roger A.P. Finlay,1,14,1,1,1978,1978
John G. Haaga,1,10,1,1,1982,1982
Steven L. Hoch,1,23,1,1,1998,1998
Robert H. Weller,1,2,1,1,1979,1979
Nurul Hoque Alam,1,42,1,1,1990,1990
Susan B. Hanley,1,23,1,1,1974,1974
Oded Stark,1,143,1,1,1988,1988
Dov Friedlander,1,87,1,1,2005,2005
Jeroen K. Vermunt,1,51,1,1,2001,2001
Thomas Cassidy,1,6,1,1,2012,2012
Harold Snieder,1,16,1,1,2015,2015
Ruth Mary Pickering,1,3,1,1,1986,1986
Charles A. Calhoun,1,32,1,1,1988,1988
Eva M. Bernhardt,1,19,1,1,1972,1972
Anthony John Christopher,1,3,1,1,2006,2006
Warwick Neville,1,4,1,1,1978,1978
William Griffiths,1,15,1,1,1965,1965
Lorenzo Moreno,1,5,1,1,1991,1991
Neil G. Bennett,1,34,1,1,1983,1983
Atef M. Khalifa,1,10,1,1,1973,1973
Martin Lindström,1,108,1,1,2000,2000
Robin F. Haines,1,16,1,1,1994,1994
H. Yuan Tien,1,6,1,1,1965,1965
R. J.Warwick Neville,1,2,1,1,1963,1963
Amyong Tsui,1,12,1,1,2008,2008
James Lee,1,45,1,1,1995,1995
Daniel D. Greenfield,1,25,1,1,1990,1990
Taro Fukaya,1,47,1,1,2006,2006
John W. Budd,1,27,1,1,1991,1991
Anne H?l?ne Gauthier,1,188,1,1,1997,1997
Shoshana Neuman,1,9,1,1,2007,2007
Donald T. Rowland,1,10,1,1,1984,1984
K. K. Kwok,1,2,1,1,1986,1986
Karen Oppenheim Mason,1,5,1,1,1987,1987
Sami W. Dajani,1,4,1,1,1947,1947
Danié̈le Bèlanger,1,14,1,1,2009,2009
Charles L. Chase,1,4,1,1,1973,1973
Harvey H. Marshall,1,20,1,1,1977,1977
M. Bhat,1,7,1,1,1984,1984
Alejandro Aguirre,1,11,1,1,1990,1990
Allen C. Kelley,1,8,1,1,1973,1973
Kenji Otani,1,11,1,1,1991,1991
Stuart A. Low,1,85,1,1,1984,1984
William Petersen,1,12,1,1,1955,1955
Jack A. Goldstone,1,66,1,1,1986,1986
M. Rafiq,1,1,1,1,1979,1979
P. N. Mari Bhat,1,205,1,1,1997,1997
Pia Wohland,1,6,1,1,2014,2014
Elin Charles-Edwards,1,31,1,1,2014,2014
B. McCann,1,3,1,1,1970,1970
Dorothy McLaren,1,4,1,1,1974,1974
J. David Hacker,1,27,1,1,2014,2014
Lois E. Paul,1,21,1,1,1987,1987
Michael Lipton,1,46,1,1,2011,2011
Tony L. Goldberg,1,88,1,1,1993,1993
Alvan O. Zarate,1,4,1,1,1967,1967
Gerard J. Van Den Berg,1,19,1,1,2013,2013
Gillian R. Bentley,1,88,1,1,1993,1993
Douglas S. Massey,1,5,1,1,1976,1976
John Landers,1,28,1,1,1987,1987
Jennifer E. Glick,1,23,1,1,2008,2008
Jose Gomez de Leon,1,12,1,1,1989,1989
Narindar U. Kelly,1,45,1,1,1976,1976
William Sander,1,32,1,1,1992,1992
Joseph A. Cavanaugh,1,3,1,1,1979,1979
Eilidh M. Garrett,1,4,1,1,2020,2020
Stephen C. Farber,1,31,1,1,1984,1984
Lisbeth B. Knudsen,1,82,1,1,2002,2002
Megan M. Sweeney,1,7,1,1,2016,2016
Zhenchao Qian,1,29,1,1,1997,1997
S. N. Agarwala,1,6,1,1,1961,1961
Maria Maria Montenegro,1,65,1,1,1995,1995
Gustav Feichtinger,1,19,1,1,1992,1992
Barbara C. Stevens,1,8,1,1,1969,1969
Sharon Pasco,1,13,1,1,1977,1977
Hubert A. Allen,1,58,1,1,1987,1987
Brian P. Bradley,1,10,1,1,1978,1978
Susan Cotts Watkins,1,20,1,1,1981,1981
Leo Morris,1,23,1,1,1984,1984
D. Lam,1,15,1,1,1983,1983
David A. Lam,1,8,1,1,1984,1984
Stephen N. Simpson,1,16,1,1,1998,1998
Karen Leslie Kramer,1,22,1,1,2008,2008
Sumit Guha,1,19,1,1,1993,1993
Eva Mueller,1,20,1,1,1972,1972
David W. Lucas,1,1,1,1,1982,1982
Stephen P. Jenkins,1,88,1,1,1999,1999
Germana Sánchez,1,65,1,1,1995,1995
Gordon D. Murray,1,3,1,1,1986,1986
Peter D.M. Macdonald,1,85,1,1,1980,1980
Eric R. Jensen,1,23,1,1,2004,2004
Robin G. Milne,1,7,1,1,1973,1973
Snehendu B. Kar,1,12,1,1,1978,1978
John G. Cleland,1,23,1,1,1985,1985
Fred Arnold,1,223,1,1,1998,1998
Jee Peng Tan,1,9,1,1,1983,1983
Brodie D. Ferguson,1,76,1,1,2003,2003
Alauddin K.M. Chowdhury,1,34,1,1,1986,1986
Paul A. David,1,23,1,1,1990,1990
Frank Lancaster Jones,1,18,1,1,1991,1991
Roderick J.A. Little,1,40,1,1,1984,1984
John F. Forbes,1,3,1,1,1986,1986
Katherine A. Lynch,1,52,1,1,1994,1994
John Fulton,1,28,1,1,1976,1976
Sonalde Desai,1,62,1,1,1995,1995
Mary Beth Weinberger,1,34,1,1,1978,1978
Jacqueline Hecht,1,11,1,1,1987,1987
Peter F. McDonald,1,83,1,1,1986,1986
Harvey Goldstein,1,21,1,1,2006,2006
Alan D. Lopez,1,76,1,1,2003,2003
J. May,1,11,1,1,1979,1979
Samar K. Datta,1,25,1,1,1984,1984
Jeanne S. Newman,1,45,1,1,1976,1976
Aryeh D. Stein,1,7,1,1,2009,2009
Sheila Ryan Johansson,1,3,1,1,2005,2005
Peter R. Mason,1,44,1,1,2003,2003
Nasra M. Shah,1,54,1,1,1983,1983
William H. James,1,15,1,1,1966,1966
Zai Liang,1,9,1,1,2013,2013
Mushtaque Raja Chowdhury,1,16,1,1,1997,1997
Charles H. Reynolds,1,8,1,1,1972,1972
Satomi Sakamoto,1,47,1,1,1996,1996
Yu Xie,1,14,1,1,2014,2014
Vijayendra Rao,1,55,1,1,1993,1993
George M. Walker,1,35,1,1,1991,1991
Evan T. Peterson,1,6,1,1,1974,1974
Julius Paul,1,8,1,1,1967,1967
Barbara E. Thompson,1,5,1,1,1977,1977
Alfredo Pérez,1,45,1,1,1971,1971
Xiaoyi Jin,1,10,1,1,2003,2003
Douglas A. Wolf,1,38,1,1,2011,2011
Neff P. Walker,1,23,1,1,2004,2004
Clarita Tan,1,6,1,1,1976,1976
J. Stern,1,58,1,1,1983,1983
Robert Edward Mitchell,1,11,1,1,1971,1971
Daniel Schwartz,1,85,1,1,1980,1980
Shelley D. Clark,1,15,1,1,2017,2017
Angelique Wei Ming Chan,1,53,1,1,2002,2002
Arthur P. Wolf,1,5,1,1,1994,1994
Jeffrey G. Williamson,1,20,1,1,1984,1984
Daewoo Han,1,17,1,1,1982,1982
Yinon Cohen,1,22,1,1,2001,2001
J. M. Shah,1,25,1,1,1982,1982
Garry S. Meyer,1,1,1,1,1978,1978
Nan E. Johnson,1,29,1,1,1992,1992
Allan G. Hill,1,11,1,1,1990,1990
Sayed Babur Hussain,1,28,1,1,1976,1976
Lin Jiang,1,56,1,1,1995,1995
L. B. Brown,1,2,1,1,1957,1957
Joan M. Bennett,1,47,1,1,2006,2006
Jersey Liang,1,47,1,1,2006,2006
James Franklin Phillips,1,36,1,1,1996,1996
John E. Gordon,1,36,1,1,1965,1965
Carl E. Taylor,1,45,1,1,1976,1976
John R. Marshall,1,189,1,1,1969,1969
Lawrence L. Wu,1,3,1,1,2015,2015
Yuanreng Hu,1,5,1,1,1995,1995
Yaohui Zhao,1,7,1,1,2015,2015
Pichao Chen,1,2,1,1,1970,1970
Weiguo Zhang,1,33,1,1,2000,2000
,1,34,1,1,1997,1997
C. H. Lee,1,52,1,1,1991,1991
Young J. Kim,1,11,1,1,1998,1998
L. J. Smith,1,2,1,1,1979,1979
Len R. Smith,1,211,1,1,2002,2002
Wen L. Li,1,18,1,1,1973,1973
James Lee,1,63,1,1,1994,1994
Yuan Jianhua,1,48,1,1,1994,1994
Göran Broström,1,26,1,1,2005,2005
Aiva Jasilioniene,1,95,1,1,2012,2012
Mikael Rostila,1,3,1,1,2018,2018
Aaron Gullickson,1,12,1,1,2004,2004
Momodou Jasseh,1,24,1,1,2005,2005
Zhenming Xie,1,36,1,1,2007,2007
Jessica Erin Todd,1,43,1,1,2007,2007
Cyril Burt,1,2,1,1,1947,1947
Georges Mauco,1,1,1,1,1950,1950
Amon Ergashev,1,16,1,1,1996,1996
Naohiro Ogawa,1,47,1,1,1996,1996
Erzsébet Bukodi,1,6,1,1,2012,2012
Sarah R. Hayford,1,6,1,1,2017,2017
Zheng Wu,1,11,1,1,2003,2003
Benjamin D. Clark,1,20,1,1,2009,2009
Xiao Zhenyu,1,23,1,1,1988,1988
Jon Pedersen,1,23,1,1,1995,1995
Catherine Armagnac,1,4,1,1,1981,1981
Damien de Walque,1,47,1,1,2006,2006
Tiziana Leone,1,59,1,1,2011,2011
Christos Bagavos,1,27,1,1,2010,2010
Daniele Vignoli,1,50,1,1,2014,2014
Ferdinando Regalia,1,43,1,1,2007,2007
H. E. Hallam,1,20,1,1,1985,1985
Sören Edvinsson,1,26,1,1,2005,2005
W. Selzer,1,9,1,1,2008,2008
Kirk Scott,1,71,1,1,2005,2005
Mie Inoue,1,26,1,1,2012,2012
Wendy Sigle,1,95,1,1,2012,2012
Tönu Parming,1,10,1,1,1972,1972
Shuzhuo Li,1,10,1,1,2003,2003
David P. Smith,1,17,1,1,1981,1981
Chaibin Park,1,5,1,1,1998,1998
Karoliina Majamaa,1,86,1,1,2005,2005
Yuyu Chen,1,5,1,1,2015,2015
Nadezhda Aleshina,1,28,1,1,2005,2005
Li Xiru,1,12,1,1,2010,2010
Sherry H. Olson,1,14,1,1,2011,2011
Lindy B. Williams,1,83,1,1,1986,1986
Siu Lan Karen Cheung,1,63,1,1,2007,2007
Mariano Sana,1,10,1,1,2016,2016
Annette Baudisch,1,3,1,1,2018,2018
James J.C. Lewis,1,23,1,1,2004,2004
Sara Hertog,1,29,1,1,2006,2006
Stamatis Kalogirou,1,51,1,1,2007,2007
Paul Axelrod,1,8,1,1,1990,1990
Patricia A. Thornton,1,14,1,1,2011,2011
Donald L. Eilenstine,1,5,1,1,1972,1972
Otis Dudley Duncan,1,36,1,1,1957,1957
John Lievens,1,25,1,1,2001,2001
Laurent Toulemon,1,52,1,1,2008,2008
Thayer Scudder,1,45,1,1,1995,1995
Robert H. Cassen,1,59,1,1,2003,2003
Edmond Cocks,1,6,1,1,1967,1967
Jack Ericson Eblen,1,13,1,1,1972,1972
Ray L. Langsten,1,5,1,1,1985,1985
Raphael Isingo,1,75,1,1,2007,2007
Anne Rigt Poortman,1,8,1,1,2015,2015
Andy Sloggett,1,24,1,1,2005,2005
Dimiter Philipov,1,89,1,1,2006,2006
Oliver Duke-Williams,1,34,1,1,2000,2000
D. Walter Rasugu Omariba,1,25,1,1,2014,2014
Rodolfo A. Bulatao,1,16,1,1,1986,1986
Alan C. Swedlund,1,23,1,1,1978,1978
Pavel Vereš,1,22,1,1,1990,1990
John B. Wyon,1,36,1,1,1965,1965
Sarah A. Burgard,1,20,1,1,2008,2008
Victoria A. Velkoff,1,27,1,1,1995,1995
R. A. Henin,1,19,1,1,1969,1969
Nancy Grey Osterud,1,28,1,1,1976,1976
Dana A. Glei,1,64,1,1,2007,2007
N. Gregory Mankiw,1,5,1,1,1986,1986
K. Venkatacharya,1,8,1,1,1972,1972
Jean van der Tak,1,5,1,1,1973,1973
Antonio McDaniel,1,6,1,1,1994,1994
Lucia Pozzi,1,18,1,1,2017,2017
Getrude Terera,1,4,1,1,1981,1981
Sarah A. McKinnon,1,19,1,1,2008,2008
Francis O. Obare,1,18,1,1,2010,2010
Arokiasamy Perianayagam,1,59,1,1,2003,2003
Iliana V. Kohler,1,22,1,1,2011,2011
Marco Breschi,1,18,1,1,2017,2017
Collins O. Opiyo,1,24,1,1,2005,2005
Megan Klein Hattori,1,13,1,1,2007,2007
Domantas Jasilionis,1,29,1,1,2011,2011
Timothy J. Halliday,1,37,1,1,2008,2008
Jessica D. Gipson,1,23,1,1,2009,2009
Michal Engelman,1,18,1,1,2010,2010
Guo Zhigang,1,14,1,1,1997,1997
Nuala M. McGrath,1,75,1,1,2007,2007
Wilma H. Smeenk,1,51,1,1,2001,2001
John K. Hill,1,85,1,1,1984,1984
Stéphane Helleringer,1,68,1,1,2005,2005
R. Keith Kelsall,1,5,1,1,1959,1959
Patricia H. David,1,31,1,1,1996,1996
Mary Jo DelVecchio Good,1,15,1,1,1980,1980
Christine Couet,1,27,1,1,2010,2010
Anne Goujon,1,3,1,1,2012,2012
Arieke J. Rijken,1,49,1,1,2009,2009
Baai Shyun Hurng,1,27,1,1,2011,2011
Rachel Sullivan Robinson,1,22,1,1,2008,2008
Liesbeth Steenhof,1,45,1,1,2008,2008
Marie Vandresse,1,3,1,1,2008,2008
Peter Congdon,1,5,1,1,1980,1980
Katia Begall,1,31,1,1,2010,2010
Deniz Dilan Karaman Örsal,1,4,1,1,2018,2018
Patrizia Agati,1,6,1,1,2017,2017
David I. Kertzer,1,9,1,1,1999,1999
Andrí Gabor,1,4,1,1,1955,1955
Jornt J. Mandemakers,1,16,1,1,2015,2015
Stefanie A. Kley,1,14,1,1,2017,2017
Alison Meredith Buttenheim,1,21,1,1,2009,2009
Jenna E. Nobles,1,21,1,1,2009,2009
Sandra González-Bailõn,1,25,1,1,2013,2013
Flávia Cristina Drumond Andrade,1,42,1,1,2004,2004
Cécile de Sweemer,1,31,1,1,1984,1984
Suewen Lean,1,16,1,1,1985,1985
M. Vaessen,1,2,1,1,1981,1981
Premchand Dommaraju,1,23,1,1,2008,2008
Gábor Kézdi,1,13,1,1,2009,2009
James P. Vere,1,3,1,1,2008,2008
Sarah R. Brauner-Otto,1,3,1,1,2015,2015
Ruud Luijkx,1,31,1,1,2005,2005
Patrick Gerland,1,6,1,1,2016,2016
Alexandre Gori Maia,1,4,1,1,2016,2016
Andrea Tyree,1,30,1,1,1973,1973
K. de Nevers,1,36,1,1,1978,1978
Richard Paul Shaw,1,7,1,1,1974,1974
William P.D. Logan,1,35,1,1,1950,1950
Andrew Collver,1,7,1,1,1967,1967
Jeffrey Edmeades,1,17,1,1,2012,2012
Wayan Suriastini,1,37,1,1,2005,2005
Mikko Aaltonen,1,5,1,1,2018,2018
Heta Moustgaard,1,24,1,1,2009,2009
Renske Keizer,1,95,1,1,2012,2012
Mark Christopher Wheldon,1,6,1,1,2016,2016
Anton Vrieling,1,2,1,1,2013,2013
Guang Guo,1,13,1,1,2011,2011
Lesia Nedoluzhko,1,5,1,1,2016,2016
Sylvie Dubuc,1,68,1,1,2010,2010
Dalkhat M. Ediev,1,7,1,1,2014,2014
Abdur Rahim,1,3,1,1,1993,1993
Pascal K. Whelpton,1,31,1,1,1953,1953
Bruno Scarpa,1,4,1,1,2018,2018
R. Paul Shaw,1,2,1,1,1976,1976
David E. Bloom,1,34,1,1,1983,1983
Isabelle Robert-Bobée,1,27,1,1,2010,2010
Kobus Herbst,1,18,1,1,2010,2010
Leo Silberman,1,8,1,1,1960,1960
Sebastian Klüsener,1,2,1,1,2019,2019
Stefano Mazzuco,1,4,1,1,2018,2018
Alain R. Gagnon,1,18,1,1,2017,2017
Shmuel Noah Eisenstadt,1,20,1,1,1953,1953
Corrine M. Williams,1,14,1,1,2008,2008
George Groenewold,1,51,1,1,2005,2005
Ralph E.S. Tanner,1,5,1,1,1959,1959
Kristen S. Harknett,1,20,1,1,2014,2014
W. John Paget,1,17,1,1,1994,1994
Pramote Prasartkul,1,9,1,1,2007,2007
Varachai Thongthai,1,9,1,1,2007,2007
Cheryl Chriss Sawyer,1,26,1,1,2012,2012
Leonie Tickle,1,6,1,1,2016,2016
Lisa Hurt,1,99,1,1,2006,2006
Domenica Rasulo,1,17,1,1,2006,2006
Anne Moursund,1,84,1,1,2003,2003
Donatien Béguy,1,15,1,1,2017,2017
Fiifi Amoako Johnson,1,8,1,1,2012,2012
Elina K. Einiö,1,8,1,1,2016,2016
Farzana Afridi,1,17,1,1,2010,2010
András Gábos,1,13,1,1,2009,2009
Ying Hong,1,14,1,1,2006,2006
Frederik Peters,1,7,1,1,2016,2016
Allen Daley,1,4,1,1,1964,1964
Nandita Saikia,1,29,1,1,2011,2011
Robert Ross,1,20,1,1,1975,1975
Ralph H. Faulkingham,1,18,1,1,1975,1975
Michael C. Kimmitt,1,37,1,1,2008,2008
Dora Kostova,1,26,1,1,2008,2008
Lotta Vikström,1,11,1,1,2015,2015
Roland Rau,1,3,1,1,2018,2018
Larry H. Long,1,67,1,1,1992,1992
Alexander L. Clark,1,37,1,1,1964,1964
I. Th Papavassiliou,1,2,1,1,1954,1954
June L. Sklar,1,52,1,1,1974,1974
Paul Wallin,1,37,1,1,1964,1964
Kenya Valéria Micaela De Souza Noronha,1,28,1,1,2009,2009
Malena Monteverde,1,28,1,1,2009,2009
Carlo Giovanni Camarda,1,7,1,1,2019,2019
J. E. Goldthorpe,1,4,1,1,1952,1952
F. G. Davidson,1,4,1,1,1951,1951
K. L. Gillion,1,7,1,1,1956,1956
Siddharth Chandra,1,14,1,1,2013,2013
Rachael S. Pierotti,1,8,1,1,2016,2016
Ridhi Kashyap,1,6,1,1,2019,2019
Li Liu,1,12,1,1,2008,2008
Jacques Doublet,1,4,1,1,1948,1948
Sabine Zinn,1,14,1,1,2017,2017
Peter C. Smith,1,10,1,1,1982,1982
Solveig Argeseanu Cunningham,1,18,1,1,2010,2010
David Canning,1,20,1,1,2011,2011
Monique Borgerhoff Mulder,1,44,1,1,1989,1989
Gerry B. Rodgers,1,312,1,1,1979,1979
David E. Sahn,1,5,1,1,2015,2015
Christopher J.L. Murray,1,76,1,1,2003,2003
Huang Cheng,1,23,1,1,2009,2009
Shigesato Takahashi,1,5,1,1,1995,1995
Ellen Eliason Kisker,1,112,1,1,1986,1986
John B. Post,1,35,1,1,1971,1971
Renato Martins Assun&#231;&#227;o,1,11,1,1,2013,2013
Naomi Williams,1,64,1,1,1995,1995
Alain Monnier,1,40,1,1,1989,1989
Edward P. Hutchinson,1,3,1,1,1959,1959
James J. Brown,1,3,1,1,2010,2010
Erich Striessnig,1,12,1,1,2015,2015
Edward Ng,1,25,1,1,2014,2014
Xiana Bueno,1,2,1,1,2019,2019
Bruno Masquelier,1,24,1,1,2014,2014
Marta Styrc,1,50,1,1,2014,2014
Jingyuan Yu,1,59,1,1,1987,1987
Duolao Wang,1,15,1,1,2001,2001
Bo Wang,1,29,1,1,2006,2006
Yao Lu,1,28,1,1,2010,2010
Liz Middleton,1,16,1,1,1998,1998
Hongbin Li,1,5,1,1,2015,2015
George George C. Kephart,1,5,1,1,1989,1989
Christopher M. Langford,1,9,1,1,1981,1981
Lisa D. Pearce,1,3,1,1,2015,2015
Tommy E. Murphy,1,25,1,1,2013,2013
Robert E. Jones,1,4,1,1,1998,1998
Wei-Min Zhang,1,23,1,1,1990,1990
Eunice Cooper,1,7,1,1,1951,1951
Felix C. Tropf,1,16,1,1,2015,2015
Nicola Shelton,1,18,1,1,2001,2001
Kari L. White,1,4,1,1,2013,2013
Lauren K. Bachan,1,7,1,1,2017,2017
P. M. George,1,14,1,1,1974,1974
Patrick Festy,1,3,1,1,1973,1973
Jacques P.G. Janssen,1,102,1,1,2005,2005
Ronald Kwon,1,2,1,1,2017,2017
Jan Kok,1,5,1,1,2016,2016
G. Littman,1,33,1,1,1979,1979
Marcus William Feldman,1,10,1,1,2003,2003
Sarah Jarvis,1,88,1,1,1999,1999
R. Herr,1,22,1,1,1968,1968
Miao David Chunyu,1,9,1,1,2013,2013
Stephen K. Happel,1,85,1,1,1984,1984
Bidhubhusan Mahapatra,1,42,1,1,2012,2012
Weixiang Luo,1,14,1,1,2014,2014
G. Schmidt,1,2,1,1,1975,1975
Charles H. Wood,1,42,1,1,2004,2004
T. L F Devis,1,3,1,1,1973,1973
Sarah Zureick,1,26,1,1,2012,2012
Hugh Davies,1,28,1,1,2000,2000
Rossarin Soottipong Gray,1,37,1,1,1999,1999
David Thomas,1,17,1,1,1972,1972
Michael J. Wintle,1,10,1,1,1992,1992
Steven P. Martin,1,3,1,1,2015,2015
Jason Hilton,1,3,1,1,2017,2017
Woojin Chung,1,67,1,1,1998,1998
Jonathan Haughton,1,18,1,1,1997,1997
Katherine M. Michelmore,1,15,1,1,2014,2014
Katherine Keenan,1,6,1,1,2014,2014
Takudzwa S. Sayi,1,59,1,1,2012,2012
Mohammad Ataharul Islam,1,5,1,1,1998,1998
Antônio Márcio Tavares Thomé,1,23,1,1,1984,1984
John C. Brown,1,55,1,1,2002,2002
J. M. Martin,1,2,1,1,1977,1977
Francisco Rowe,1,9,1,1,2018,2018
J. H A Hillebrand,1,19,1,1,1986,1986
J. T. Marshall,1,9,1,1,1947,1947
Bojuan Barbara Zhao,1,6,1,1,2012,2012
Travis St.Clair,1,16,1,1,2013,2013
Rajib Acharya,1,62,1,1,2006,2006
Gunnar Malmberg,1,10,1,1,2018,2018
John R. Bryant,1,19,1,1,2016,2016
Liudmila Torgasheva,1,8,1,1,2013,2013
Shamsa Q.S. Ahmed,1,113,1,1,1974,1974
David Levine,1,13,1,1,1976,1976
Arusyak Sevoyan,1,48,1,1,2010,2010
Geraldine B. Terry,1,10,1,1,1975,1975
Bunsong Lee,1,31,1,1,1984,1984
Allan G. Hill,1,7,1,1,1978,1978
A. Ghosh,1,3,1,1,1956,1956
C. J. Duncan,1,16,1,1,2000,2000
Daniel Christoph Schneider,1,6,1,1,2018,2018
Abhishek Singh,1,42,1,1,2012,2012
Annalisa Donno,1,6,1,1,2017,2017
Aurora Angeli,1,6,1,1,2017,2017
Jesús J. Sánchez,1,3,1,1,1998,1998
Truong Si Anh,1,52,1,1,2000,2000
Wendy Sigle,1,9,1,1,1999,1999
Mats Lillehagen,1,5,1,1,2018,2018
Ugofilippo Basellini,1,7,1,1,2019,2019
Lucia Zanotto,1,4,1,1,2018,2018
H. C. Brookfield,1,4,1,1,1957,1957
D. Narayanan Namboothiri,1,3,1,1,1969,1969
Christopher Scott,1,7,1,1,1970,1970
Qiong Zhang,1,11,1,1,2015,2015
Michelle Hindin,1,23,1,1,2009,2009
Susan B. Schaffnit,1,4,1,1,2017,2017
Caterina Hill,1,75,1,1,2007,2007
Paul E. Vincent,1,9,1,1,1947,1947
W. L. Marr,1,3,1,1,1977,1977
I. Shah,1,25,1,1,1982,1982
Jennifer Lauby,1,143,1,1,1988,1988
Camila Strobl Sakamoto,1,4,1,1,2016,2016
Pieter H.M. Van Baal,1,7,1,1,2016,2016
Jianke Li,1,21,1,1,2001,2001
Jonathan Gray,1,3,1,1,2017,2017
Yu Wentao,1,24,1,1,2000,2000
Arpita Chattopadhyay,1,52,1,1,2006,2006
Moni Nag,1,3,1,1,1973,1973
G. Rodriguez,1,4,1,1,1981,1981
Toni Richards,1,29,1,1,1977,1977
Wendy Post,1,40,1,1,1997,1997
D. C. Downing,1,6,1,1,1979,1979
Michael G. Kenward,1,6,1,1,2014,2014
Catriona A. Towriss,1,4,1,1,2018,2018
James N. Gribble,1,31,1,1,1993,1993
Seppo Väinö Pellervo Koskinen,1,86,1,1,2005,2005
Raymond Firth,1,19,1,1,1957,1957
S. Mahmud,1,9,1,1,1980,1980
Christine Schnor,1,11,1,1,2017,2017
Jonathan K. Daw,1,13,1,1,2011,2011
Harro Bernardelli,1,4,1,1,1952,1952
Johan Pieter Mackenbach,1,7,1,1,2016,2016
Niina Metsä-Simola,1,8,1,1,2013,2013
Paul A. Compton,1,19,1,1,1985,1985
Hsien Hen Lu,1,732,1,1,2000,2000
Nicole Hiekel,1,8,1,1,2015,2015
David Reed,1,10,1,1,1974,1974
Richard Wall,1,45,1,1,1989,1989
Jing Li,1,29,1,1,2006,2006
Nicoletta Balbo,1,28,1,1,2011,2011
Tom Wilson,1,2,1,1,2016,2016
Heather H. Gatny,1,60,1,1,2013,2013
Caroline Sten Hartnett,1,20,1,1,2014,2014
Vladimir Batagelj,1,7,1,1,2015,2015
Anne B. Wils,1,9,1,1,1991,1991
Bruce K. Caldwell,1,14,1,1,2003,2003
Nathalie E. Williams,1,16,1,1,2013,2013
Ana M. Ferrer,1,23,1,1,2014,2014
Robert McCaa,1,19,1,1,1989,1989
Margaret Frye,1,7,1,1,2017,2017
Gerhard Baumert,1,16,1,1,1959,1959
Hui Sheng Lin,1,5,1,1,1973,1973
J. Byrne,1,28,1,1,1966,1966
Yves Charbit,1,4,1,1,1981,1981
Mark Gross,1,15,1,1,2017,2017
Earl E. Huyck,1,2,1,1,1962,1962
Josiah Cox Russell,1,4,1,1,1948,1948
Prithwis Das Gupta,1,3,1,1,1971,1971
Hukum Chandra,1,8,1,1,2012,2012
Nicola Barban,1,16,1,1,2015,2015
Bilkis Vissandjée,1,25,1,1,2014,2014
V. Arbon,1,36,1,1,1978,1978
P. Cartwright,1,36,1,1,1978,1978
Marwan K. Khawaja,1,38,1,1,2000,2000
Lambert H. Lumey,1,19,1,1,2013,2013
C. Janna Harrell,1,8,1,1,2015,2015
Erika Kobayashi,1,47,1,1,2006,2006
Mary C. Brinton,1,2,1,1,2019,2019
Roberta Torre,1,25,1,1,2014,2014
B. L. Agrawal,1,4,1,1,1969,1969
Sara L. Thomas,1,99,1,1,2006,2006
Pavel Grigoriev,1,12,1,1,2013,2013
Nick Parr,1,6,1,1,2016,2016
Nicholas N. Dodge,1,15,1,1,1980,1980
Joseph Molitoris,1,18,1,1,2017,2017
S. J. Malik,2,9,1,1,2008,2008
Paul A. Samuelson,2,37,1,1,1976,1976
Edward Higgins,2,1,1,1,1962,1962
B. G. Zimmer,2,5,1,1,1981,1981
Arthur H.O. van Soest,2,19,2,1,2011,2014
James W.B. Douglas,2,11,2,1,1949,1951
Henri Bunle,2,1,1,1,1950,1950
S. W. Caffin,2,1,1,1,1952,1957
Peter J. Lloyd,2,10,1,1,1967,1969
J. Richard Udry,2,7,2,1,1973,1979
Amit Kumar Bhattacharyya,2,10,1,1,1975,1975
Sharon Stanton Russell,2,9,1,1,2008,2008
M. A. El-Badry,2,8,1,1,1971,1986
Julia A. Ericksen,2,35,1,1,1979,1980
K. R. Gabriel,2,4,1,1,1953,1958
Jerry W. Combs,2,3,1,1,1951,1951
Mortimer Spiegelman,2,11,1,1,1948,1950
John S. Akin,2,32,2,1,1986,1988
Zuzanna Brzozowska,2,23,2,1,2016,2018
Michael J. Levin,2,16,1,1,2013,2016
Ann Klimas Blanc,2,35,2,1,2017,2019
Takwing Chan,2,10,1,1,2015,2019
James Maxwell,2,12,1,1,1949,1950
Christiaan W.S. Monden,2,7,2,1,2010,2018
B. Kuate Defo,2,20,1,1,1992,2006
Paul W. Stupp,2,22,1,1,1985,2011
Kogalur G. Basavarajappa,2,12,1,1,1963,1971
Alvin T. Onaka,2,8,2,1,1972,1973
William F. Stinner,2,2,1,1,1975,1975
Kène Henkens,2,66,1,1,2013,2020
Sanna L. Read,2,38,1,1,2011,2020
Jason M. Fletcher,2,2,1,1,2019,2019
James Raymer,2,2,1,1,2018,2020
W. A B Hopkin,2,4,1,1,1947,1947
Rafael Blanquero,2,5,2,1,2012,2016
Jim E. Oeppen,2,40,2,1,1993,2019
Sam Shapiro,2,27,1,1,1950,1954
Kingsley Davis,2,3,1,1,1951,1951
Giorgio Mortara,2,1,1,1,1950,1954
Tommy Bengtsson,2,112,2,1,2000,2017
Barry Michael Popkin,2,32,2,1,1986,1988
Elwood D. Carlson,2,18,1,1,1979,2010
Adrian E. Raftery,2,7,1,1,2016,2018
José Alberto Magno De Carvalho,2,8,1,1,1974,1974
George C. Myers,2,16,2,1,1962,1966
Jakub Bijak,3,24,2,1,2016,2017
K. Srinivasan,2,10,1,1,1967,1971
Myriam Khlat,2,17,2,1,1989,1997
Stephen Enke,3,1,1,1,1970,1971
Anna Klabunde,3,25,2,1,2017,2017
Alan T. Peacock,3,6,1,1,1952,1957
J. R.H. Shaul,3,6,2,1,1948,1951
Govert E. Bijwaard,3,12,2,1,2013,2019
C. A L Myburgh,3,8,2,1,1948,1956
Sabu S. Padmadas,3,11,2,1,2010,2020
J. R.L. Schneider,2,1,1,1,1954,1956
Samuel J. Clark,3,52,2,1,1995,2018
G. Edward Ebanks,3,16,1,1,1970,1974
Allan Puur,3,22,2,1,2016,2020
Monica J. Grant,3,26,2,1,2012,2020
Hannaliis Jaadla,3,20,2,1,2016,2020
H. Silcock,4,18,1,1,1952,1959
E. Grebenik,5,10,1,1,1970,1991
L. T. Badenhorst,6,3,1,1,1950,1963
Alfred Sauvy,2,17,1,1,1948,1951
Georges Reniers,2,24,1,1,2014,2020
Kryštof Zeman,2,23,2,1,2016,2018
Donald W. Snyder,2,1,1,1,1974,1975
Véronique Hertrich,2,14,1,1,2012,2020
Dudley Kirk,2,348,2,1,1974,1996
Douglas A. Norris,2,10,1,1,1975,1975
Ursula M. Cowgill,2,5,1,1,1967,1968
Guido Pinto Aguirre,2,29,2,1,1996,1998
Paul Douglas Mader,2,2,1,1,1975,1975
Danielle Gauvreau,2,19,1,1,2017,2018
Mark R. Montgomery,2,113,2,1,1988,1993
Saw Swee-Hock,2,1,1,1,1964,1966
Arjuun L. Adlakha,2,12,2,1,1968,1974
Roger C. Avery,2,33,1,1,1981,1982
Jan M. Saarela,2,18,2,1,2005,2018
Silvia Bermúdez,2,5,2,1,2012,2016
Robert M. Jiobu,2,20,1,1,1977,1979
Howard I. Goldberg,2,24,1,1,1984,2011
Unnati Rani Saha,2,19,2,1,2011,2014
Julie E. Backer,2,4,1,1,1947,1948
Douglas J. Nichols,2,9,2,1,1978,1982
Visid Prachuabmoh,2,4,1,1,1974,1974
George Stephan Masnick,2,47,2,1,1969,1971
Anders Brändström,1,26,1,1,2005,2005
Mahbubuddin Ahmad,2,10,1,1,1975,1975
D. A. Percival,1,1,1,1,1949,1949
Ruth Glass,1,4,1,1,1951,1951
Kimberly Singer Babiarz,1,11,1,1,2015,2015
Ameed M. Saabneh,1,1,1,1,2019,2019
Mariachiara Di Cesare,1,18,1,1,2012,2012
Ethan Jennings Sharygin,1,17,1,1,2013,2013
Cicely Marston,1,106,1,1,2003,2003
Dean L. May,1,36,1,1,1978,1978
André Grow,1,11,1,1,2017,2017
Harry Sharp,1,7,1,1,1954,1954
Luciana Quaranta,1,4,1,1,2017,2017
Encarnacion Aracil,1,27,1,1,2010,2010
David Goldberg,1,35,1,1,1959,1959
Quanbao Jiang,1,26,1,1,2015,2015
Marie Lesclingand,1,14,1,1,2012,2012
David Henley,1,11,1,1,2006,2006
Ludmila Fialová,1,22,1,1,1990,1990
Hongwei Xu,1,22,1,1,2010,2010
José Antonio Ortega,1,4,1,1,2000,2000
Grant Miller,1,11,1,1,2015,2015
Róbert Iván Gál,1,13,1,1,2009,2009
Mathias Lerch,1,4,1,1,2018,2018
Pierre Cantrelle,1,90,1,1,1971,1971
Tan Boon Ann,1,3,1,1,1973,1973
Abraham Akkerman,1,11,1,1,1980,1980
Kathleen Kahn,1,34,1,1,2002,2002
Osea Giuntella,1,6,1,1,2019,2019
M. W. Beaver,1,62,1,1,1973,1973
William A. Lessa,1,3,1,1,1962,1962
Dimitrios V. Trichopoulos,1,9,1,1,1965,1965
Colter M. Mitchell,1,14,1,1,2012,2012
Fabian F. Drixler,1,5,1,1,2016,2016
Katharine J. McCarthy,1,3,1,1,2019,2019
Arkadiusz Wiśniowski,1,2,1,1,2018,2018
James J. Anderson,1,8,1,1,2015,2015
Stefan Öberg,1,6,1,1,2015,2015
John G. Cleland,1,3,1,1,2020,2020
Duncan Thomas,1,37,1,1,2005,2005
Stanislao Mazzoni,1,18,1,1,2017,2017
Paul Schulz,1,9,1,1,2017,2017
Marcus Blake,1,34,1,1,2000,2000
Julia A. Jennings,1,4,1,1,2017,2017
Sofi Ohlsson-Wijk,1,33,1,1,2011,2011
Kazuyo MacHiyama,1,3,1,1,2020,2020
R. H. Gray,2,37,1,1,1974,1975
Anna Baranowska-Rataj,2,10,1,1,2017,2020
Zsolt Spéder,2,89,1,1,2006,2020
P. M. Kulkarni,2,5,2,1,1976,1977
Peter K. Newman,2,10,1,1,1969,1969
E. J M Buckatzsch,2,19,1,1,1947,1951
Ismail A. Sirageldin,2,10,1,1,1975,1975
Heini Väisänen,2,10,1,1,2015,2020
Sook Bang,2,6,1,1,1965,1966
Ingrid K. van Dijk,2,7,2,1,2019,2020
James M. Sakoda,2,9,2,1,1967,1972
Glenn Sandström,2,17,2,1,2015,2018
Thomas Spoorenberg,2,7,1,1,2014,2019
Alice Goisis,2,6,1,1,2018,2019
Wolf Scott,2,2,1,1,1957,1958
Youpoh Seng,2,4,1,1,1949,1959
Nyovani J. Madise,2,64,2,1,1999,2012
Heidi A. Hanson,2,26,2,1,2015,2017
Juho Härkönen,2,60,1,1,2008,2020
David Leon,2,20,2,1,2011,2014
Zoë Matthews,2,64,2,1,1999,2012
Marie Guirlène Calixte,1,92,1,1,2006,2006
Leslie Corsa,2,3,1,1,1973,1978
Hongyan Liu,1,36,1,1,2007,2007
Sagri Singh,1,62,1,1,2006,2006
Fengyu Zhang,1,34,1,1,2004,2004
Sojung Lim,1,8,1,1,2013,2013
T. James Trussell,2,5,1,1,1980,1981
Shiva Halli,2,64,1,1,1997,1999
C. Chandrasekaran,2,4,1,1,1971,1972
Milly Marston,2,75,1,1,2007,2020
Miloslav Macura,2,10,1,1,1974,2004
Clyde V. Kiser,2,33,2,1,1953,1956
Richard Leete,2,21,2,1,1986,1987
Daniel Alan Seiver,2,11,1,1,1975,1977
Laura Daniel Staetsky,2,4,1,1,2011,2019
Alessandro Rosina,2,4,2,1,2006,2010
Ken Robert Smith,2,26,2,1,2015,2017
Li Bohua,2,26,2,1,1988,2010
Augustine O. Okore,2,6,1,1,1980,1982
Frank W. Notestein,2,9,1,1,1947,1949
Marshall C. Balfour,1,3,1,1,1961,1961
Patience Lauriat,1,4,1,1,1955,1955
Nata?a Kej?ar,1,7,1,1,2015,2015
T. O. Ling,1,11,1,1,1969,1969
Paul D. Norman,1,6,1,1,2014,2014
Juris Krūmiņš,1,15,1,1,1992,1992
Sheila Mitchell,1,5,1,1,1959,1959
William A. Morrison,1,2,1,1,1961,1961
Christina J. Cross,1,12,1,1,2018,2018
Cecilia Potente,1,4,1,1,2018,2018
T. Ferguson,1,2,1,1,1964,1964
Joel T. Rosenthal,1,9,1,1,1973,1973
C. M. Law,1,11,1,1,1969,1969
Cui Hongyan,1,12,1,1,2010,2010
Vegard F. Skirbekk,1,3,1,1,2012,2012
Edward Gross,1,3,1,1,1954,1954
Wilbur Zelinsky,1,3,1,1,1950,1950
Guang Guo,1,24,1,1,1993,1993
Kenneth Smith,1,3,1,1,1952,1952
Peter J. Glick,1,5,1,1,2015,2015
Jorge Rodríguez-Vignoli,1,9,1,1,2018,2018
J. Y. Peng,1,10,1,1,1963,1963
Y. L. Lee,1,3,1,1,1962,1962
Chantal Melser,1,2,1,1,2013,2013
Oliver Reinhardt,1,9,1,1,2017,2017
Yingchun Ji,1,3,1,1,2015,2015
Elena Dolkigh,1,16,1,1,1996,1996
Christopher Handy,1,5,1,1,2015,2015
Joshua A. Salomon,1,76,1,1,2003,2003
Marc Luy,1,16,1,1,2011,2011
J. William Leasure,1,31,1,1,1963,1963
Laura A. Kelly,1,3,1,1,2016,2016
C. J. Robertson,1,1,1,1,1950,1950
Marcus Ebeling,1,3,1,1,2018,2018
Tina Hannemann,1,3,1,1,2019,2019
David Shapiro,1,14,1,1,1996,1996
Albert Mayer,1,5,1,1,1955,1955
Yuzo Morita,1,6,1,1,1963,1963
Jianghong Li,1,21,1,1,2001,2001
I. M. Cumpston,1,10,1,1,1956,1956
F. van Heek,1,38,1,1,1956,1956
Osamu Saito,1,22,1,1,1996,1996
Allan M. Cartter,1,3,1,1,1953,1953
O. Wolowyna,1,3,1,1,1977,1977
C. T E Quensel,1,5,1,1,1958,1958
Susannah Brown,1,4,1,1,1968,1968
Walter R. Gilks,1,11,1,1,1986,1986
S. P. Brown,1,3,1,1,1951,1951
C. M. Langford,1,11,1,1,1991,1991
Earl W. Morris,1,13,1,1,1966,1966
Joel B. Greenhouse,1,52,1,1,1994,1994
Kathleen Ford,1,58,1,1,1987,1987
Gwendolyn Z. Johnson,1,15,1,1,1964,1964
Beryl J. Roberts,1,15,1,1,1965,1965
Sara E. Yeatman,1,22,1,1,2012,2012
J. G. Cleland,1,83,1,1,1984,1984
A. Muthiah,1,4,1,1,1983,1983
Chialin Pan,1,4,1,1,1949,1949
G. B. Rodgers,1,3,1,1,1976,1976
Clyde E. Martin,1,3,1,1,1957,1957
Patricio Vela,1,45,1,1,1971,1971
Ladislav T. Ruzicka,1,19,1,1,1976,1976
Colin Clark,1,7,1,1,1949,1949
Chihang Chiang,1,1,1,1,1949,1949
C. W. Smith,1,21,1,1,1983,1983
L. W. Jones,1,2,1,1,1967,1967
W. Scott,1,1,1,1,1955,1955
T. E. Smith,1,28,1,1,1960,1960
A. L. Levine,1,3,1,1,1965,1965
Stan J. Bernstein,1,24,1,1,1980,1980
A. Meredith John,1,12,1,1,1988,1988
Jesús Adrián Alvarez,1,4,1,1,2020,2020
A. H. Walkden,1,3,1,1,1961,1961
W. J L Ryan,1,1,1,1,1955,1955
W. B. Arthurt,1,4,1,1,1983,1983
Martin Bolte,1,16,1,1,1959,1959
A. J. Jaffe,1,2,1,1,1947,1947
J. A. Banks,1,15,1,1,1954,1954
David A. May,1,26,1,1,1968,1968
J. Durbin,1,2,1,1,1955,1955
M. K. Hopkins,1,81,1,1,1965,1965
Julian Blackburn,1,4,1,1,1947,1947
E. G. Jacoby,1,3,1,1,1958,1958
S. N. Mehrotra,1,11,1,1,1949,1949
F. H Amphlett Micklewright,1,9,1,1,1961,1961
Sigismund Feller,1,26,1,1,1948,1948
S. H. Cousens,1,25,1,1,1960,1960
Kumudini Dandekar,1,2,1,1,1963,1963
A. Meijide Pardo,1,22,1,1,1968,1968
Elizabeth Lessof,1,2,1,1,1949,1949
A. J. Youngson,1,2,1,1,1961,1961
Sven Moberg,1,4,1,1,1950,1950
Ilana Ronen,1,4,1,1,1958,1958
Chihsien Tuan,1,13,1,1,1958,1958
L. Labrada,1,22,1,1,1968,1968
G. Ohlin,1,37,1,1,1961,1961
Hugh H. Wolfenden,1,1,1,1,1962,1962
Kåre Ofstad,1,3,1,1,1949,1949
Neil L. Tranter,1,11,1,1,1967,1967
Franco Savorgnan,1,12,1,1,1950,1950
Octavio Cabello,1,2,1,1,1956,1956
D. E C Eversley,1,9,1,1,1957,1957
Vladimir Srb,1,4,1,1,1962,1962
Flann Campbell,1,20,1,1,1960,1960
M. Gottlieb,1,4,1,1,1949,1949
Mizánur M. Rahman,1,72,1,1,2008,2008
Hassan Eini-Zinab,1,4,1,1,2013,2013
Matthias Leuchter,1,14,1,1,2017,2017
Nicholas W. Townsend,1,34,1,1,2002,2002
Heather Joshi,1,21,1,1,2006,2006
José Manuel Aburto,1,4,1,1,2020,2020
Faujdar Ram,1,29,1,1,2011,2011
Søren Kjærgaard,1,4,1,1,2017,2017
John Rogers,1,26,1,1,2005,2005
Paul K C Liu,1,7,1,1,1967,1967
John McDonald,1,7,1,1,1997,1997
T. H. Sun,1,10,1,1,1963,1963
Daniel Benoit,1,10,1,1,1976,1976
Paul P.L. Cheung,1,3,1,1,1988,1988
Jaemo Yang,1,5,1,1,1965,1965
Jessica Polos,1,2,1,1,2019,2019
Mangap Lee,1,5,1,1,1965,1965
Roger V. Clements,1,12,1,1,1955,1955
,1,14,1,1,1988,1988
Myung-ho Kim,1,5,1,1,1965,1965
Chuang Ying-Chang,1,5,1,1,1994,1994
Ta Chen,1,2,1,1,1948,1948
Liang Zhiwu,1,46,1,1,1994,1994
Elsa S. Turner,1,20,1,1,1965,1965
S. J. Kilpatrick,1,29,1,1,1962,1962
Laurence Whitehead,1,9,1,1,1968,1968
Robert Gutman,1,6,1,1,1956,1956
Y. Takeshita,1,10,1,1,1963,1963
J. N. Sinha,1,3,1,1,1957,1957
Ruchi Chou,1,4,1,1,1968,1968
Peter Mazur,1,5,1,1,1968,1968
G. William Skinner,1,2,1,1,1951,1951
F. D’arcy,1,18,1,1,1977,1977
A. Ghosh,1,1,1,1,1956,1956
C. M. Cipolla,1,4,1,1,1978,1978
Maurice Kirk,1,1,1,1,1991,1991
Charles F. Westof,1,13,1,1,1980,1980
Feinian Chen,1,8,1,1,2009,2009
A. K M Alauddin Chowdhuryt,1,10,1,1,1980,1980
O. Adegbola,1,7,1,1,1977,1977
Liu Li,1,46,1,1,1994,1994
A. K M Alauddinchowdhury,1,12,1,1,1980,1980
Shuimeng Ng,1,10,1,1,1982,1982
Ehn Hyun Choe,1,3,1,1,1982,1982
Yuan Y. Tien,1,35,1,1,1984,1984
Sig J. Prais,1,20,1,1,1955,1955
James Leer,1,48,1,1,1995,1995
Bert F. Hoselitz,1,2,1,1,1957,1957
Jane Falkingham,1,4,1,1,1991,1991
Keith Hopkins,1,96,1,1,1966,1966
M. Massagli,1,17,1,1,1984,1984
B. Casterline,1,23,1,1,1985,1985
D. Byerlee,1,4,1,1,1981,1981
Tom Warnke,1,9,1,1,2017,2017
Margaret Triyana,1,1,1,1,2016,2016
Han Lin Shang,1,5,1,1,2015,2015
Mary E. Cookingham,1,18,1,1,1984,1984
Nan E. Johnsoni,1,16,1,1,1985,1985
Florentina Reyes Salvail,1,54,1,1,1983,1983
D. Shapirot,1,21,1,1,1983,1983
Barbara Janowltz,1,23,1,1,1984,1984
Luca Stella,1,6,1,1,2019,2019
Grace Wyshak,1,11,1,1,2004,2004
Daniel Kraushaar,1,14,1,1,1992,1992
R. D. Turner,1,134,1,1,1975,1975
Júlia Mikolai,1,12,1,1,2018,2018
C. Nørregaard,1,2,1,1,1975,1975
Joyce Bellamy,1,2,1,1,1953,1953
Germán Rodriguezt,1,25,1,1,1988,1988
Vicente B. Paqueo,1,6,1,1,1988,1988
E. Bromberger,1,3,1,1,1948,1948
G. M. Jovellanos,1,22,1,1,1968,1968
Ian Timaeæust,1,14,1,1,1991,1991
John C. Caldwellt,1,59,1,1,1992,1992
P. Ramachandrant,1,25,1,1,1982,1982
R. D. Retherfordt,1,15,1,1,1982,1982
R. Repettot,1,8,1,1,1982,1982
Mauri Nieminent,1,9,1,1,1991,1991
A. Fishert,1,6,1,1,1982,1982
W. Stys,1,34,1,1,1957,1957
,1,15,1,1,1992,1992
Etienne Van de Walle,1,42,1,1,1989,1989
Bowman A. Jannetta,1,32,1,1,1991,1991
L. Braithwaite,1,4,1,1,1961,1961
Grazyna Jasielqska,1,88,1,1,1993,1993
C. Speare Mary,1,5,1,1,1973,1973
K. J. Pitkanent,1,12,1,1,1989,1989
Maria Sophia Lengyel Cook,1,8,1,1,1982,1982
J. Stoeckelt,1,6,1,1,1982,1982
,1,14,1,1,1988,1988
Ting Li,1,8,1,1,2015,2015
Christian Dudel,1,2,1,1,2019,2019
M. Kauppinen,1,6,1,1,1971,1971
W. G. Varnes,1,10,1,1,1971,1971
Jihong Liu,1,11,1,1,2004,2004
E. Hazel Denton,1,6,1,1,1979,1979
Louise Kantrowt,1,12,1,1,1980,1980
Susan Scott,1,16,1,1,2000,2000
Mieke Carine Wim Eeckhaut,1,7,1,1,2016,2016
James P. McIntosh,1,9,1,1,1980,1980
Nigel Crook,1,4,1,1,1996,1996
Tuija P. Martelin,1,86,1,1,2005,2005
P. J. Koblenzer,1,2,1,1,1960,1960
Byron G. Spencer,1,5,1,1,1974,1974
John E. Murray,1,3,1,1,2001,2001
S. K. Jain,1,1,1,1,1982,1982
Antonia Polychronopoulou,1,9,1,1,1965,1965
Althea Hill,1,1,1,1,1975,1975
Dudley Seers,1,3,1,1,1957,1957
Julia Dayton,1,57,1,1,2005,2005
Prithwls Das Gupta,1,6,1,1,1978,1978
Sui Ying Wat,1,5,1,1,1972,1972
John D. Buissink,1,17,1,1,1971,1971
R. Thompson,1,14,1,1,1974,1974
Robert Horválth,1,2,1,1,1963,1963
Goh Thuan-Jig,1,5,1,1,1972,1972
Steven Polgar,1,4,1,1,1974,1974
M. Françoise Hall,1,4,1,1,1973,1973
James E. Smith,1,28,1,1,1976,1976
Bram Peper,1,10,1,1,1970,1970
Janet Sceats Pool,1,3,1,1,1978,1978
P. R. Cox,1,2,1,1,1951,1951
Jed Friedman,1,52,1,1,2000,2000
Linda Meyers,1,45,1,1,1985,1985
B. Midi Berry,1,47,1,1,1971,1971
Pēteris Zvidriņš,1,1,1,1,1979,1979
Atiqur Rahman Khan,1,31,1,1,1976,1976
Helena Chojnackm,1,24,1,1,1980,1980
Edward B. Perrin,1,13,1,1,1964,1964
R. T. Appleyard,1,10,1,1,1962,1962
G. W. Roberts,1,7,1,1,1954,1954
G. W. Roberts,1,10,1,1,1952,1952
François Nault,1,32,1,1,1990,1990
Serhii Pyrozhkov,1,25,1,1,2002,2002
Ismail Ajami,1,10,1,1,1976,1976
Jeremy Y. Slack,1,5,1,0,2017,2017
Grzegorz Frumkin,1,0,0,0,1950,1950
David Musoke Serwadda,1,0,0,0,2020,2020
Stefan Szulc,1,0,0,0,1950,1950
D. V R Murty,1,1,1,0,1971,1971
Carl Erik Quensel,1,0,0,0,1947,1947
Clara H. Mulder,1,1,1,0,2020,2020
Piera Bello,1,0,0,0,2020,2020
Emma Slaymaker,1,0,0,0,2020,2020
P. J. Loftus,1,0,0,0,1948,1948
C. H. Harvie,1,0,0,0,1950,1950
Joop A.A. De Beer,1,0,0,0,2020,2020
B. A. Tan,1,0,0,0,1978,1978
T. van den Brink,1,0,0,0,1950,1950
Leo Driedger,1,1,1,0,1997,1997
Per Ramholt,1,0,0,0,1953,1953
W. S. Hocking,1,0,0,0,1958,1958
Alissa Goodman,1,1,1,0,2020,2020
C. A L Mybuegh,1,1,1,0,1951,1951
Ronald Henry Gray,1,0,0,0,2020,2020
H. Bond,1,0,0,0,1978,1978
Dan A. Black,1,0,0,0,2017,2017
G. F. de Long,2,0,0,0,1978,1978
S. S. Žarković,1,0,0,0,1956,1956
Francesco Grippo,1,0,0,0,2020,2020
Lowell J. Taylor,1,0,0,0,2017,2017
Kathryn A. Risher,1,0,0,0,2020,2020
V. Muhsam,1,0,0,0,1975,1975
J. Dupâquier,1,0,0,0,1992,1992
John A. Ross,1,1,1,0,1966,1966
John Maynard-Smith,1,2,1,0,1970,1970
Caroline Moreau,1,1,1,0,2019,2019
J. M. MacKintosh,1,0,0,0,1964,1964
Cyril John Adcock,1,0,0,0,1951,1951
S. Guha Roy,1,1,1,0,1976,1976
David J. Sharrow,1,1,1,0,2018,2018
J. A. Stallworthy,1,0,0,0,1970,1970
H. L. Robinson,1,0,0,0,1949,1949
E. Grebenik,1,0,0,0,1996,1996
Miguel Requena,2,6,1,0,2018,2020
Karol J. Krótki,2,3,1,0,1971,1978
Gerald I.M. Swyer,2,3,1,0,1970,1970
Harvey Marshal,1,0,0,0,1979,1979
John C. Rumford,1,1,1,0,1979,1979
Harsha N. Thakur,1,1,1,0,1971,1971
Yu Chieh Hsu,1,0,0,0,2017,2017
Benoît Laplante,1,1,1,0,2018,2018
Livia Sz Oláh,1,0,0,0,2020,2020
Marco Le Moglie,1,1,1,0,2020,2020
Patrick Sabourin,1,1,1,0,2018,2018
Benedetta Pongiglione,1,1,1,0,2020,2020
Siegfried Gruber,1,0,0,0,2020,2020
John M. Thoday,1,2,1,0,1970,1970
Godfrey G. Kigozi,1,0,0,0,2020,2020
Seth G. Sanders,1,0,0,0,2017,2017
Robert John Norman,1,0,0,0,2020,2020
J. E. Meade,2,2,1,0,1970,1970
Martha E. Smith,1,1,1,0,1970,1970
John Cleland,2,0,0,0,2020,2020
Jane T. Bertrand,1,2,1,0,1983,1983
Carl F. Grindstafe,1,1,1,0,1973,1973
Zhiqiang Feng,1,4,1,0,2018,2018
Robert G. Potter,1,0,0,0,1966,1966
Wilfred Perks,1,0,0,0,1952,1952
Roderic P. Beau Jot,1,2,1,0,1978,1978
Ashton M. Verdery,1,0,0,0,2020,2020
A. Lewis,1,0,0,0,1970,1970
Galina V. Selegen,2,0,0,0,1959,1960
Yoshio Koya,2,0,0,0,1959,1962
A. J. Boreham,1,0,0,0,1970,1970
N. F. Morris,1,3,1,0,1970,1970
Samuel Greene,1,1,1,0,1979,1979
C. M. Stewart,1,0,0,0,1963,1963
P. J. Grandstaff,1,0,0,0,1972,1972
Wendy Sigle,2,1,1,0,2018,2019
Edith L. Adams,1,0,0,0,1950,1950
Prescott L. Vandervoet,1,5,1,0,2017,2017
D. Pyke,1,0,0,0,1970,1970
Miatudila Malonga,1,2,1,0,1983,1983
R. G. Edwards,1,3,1,0,1970,1970
Michael K. Roof,1,0,0,0,1960,1960
Liliana Andriano,1,0,0,0,2020,2020
Jan Walter De Neve,1,0,0,0,2020,2020
Romola Jane Davenport,1,0,0,0,2020,2020
Sven Drefahl,1,1,1,0,2020,2020
T. Fox,1,0,0,0,1970,1970
Peter M. Blau,1,0,0,0,1962,1962
Aline Désesquelles,1,0,0,0,2020,2020
John Giles,1,0,0,0,2020,2020
Kodjo Morgah,1,1,1,0,2011,2011
,1,0,0,0,2012,2012
George Basil Ploubidis,1,1,1,0,2020,2020
,1,0,0,0,2012,2012
Samuel Vézina,1,1,1,0,2018,2018
Jack Harewood,1,0,0,0,1973,1973
Christie A. Sennott,1,1,1,0,2020,2020
J. A. Fraser Roberts,1,2,1,0,1970,1970
Christine A. Kelly,1,3,1,0,2020,2020
Assa Doumbia Gakou,1,0,0,0,2020,2020
Tomáš Sobotka,1,6,1,0,2018,2018
Felix M. Muchomba,1,0,0,0,2020,2020
Chodziwadziwa Whiteson Kabudula,1,0,0,0,2020,2020
Marianne Tønnessen,1,0,0,0,2020,2020
Luisa Frova,1,0,0,0,2020,2020
Nelson K. Sewankambo,1,0,0,0,2020,2020
Esha Chatterjee,1,1,1,0,2020,2020
Angélique A.P.O. Janssens,1,4,1,0,2020,2020
A. S. Clague,1,0,0,0,1979,1979
Kees Mandemakers,1,4,1,0,2020,2020
Susannah E. Gibbs,1,1,1,0,2019,2019
Beryl Unterhalter,1,0,0,0,1961,1961
Hans Harmsen,1,0,0,0,1950,1950
N. W. Pirie,1,3,1,0,1970,1970
L. Henry,1,0,0,0,1968,1968
Berenike Thoma,1,0,0,0,2020,2020
Emmanuel F. Souza,1,0,0,0,2020,2020
Jeffrey William Eaton,1,0,0,0,2020,2020
Olufunke A. Fayehun,1,0,0,0,2020,2020
Abigail Weitzman,1,1,1,0,2020,2020
W. D.M. Paton,1,3,1,0,1970,1970
Vincenzo Galasso,1,0,0,0,2020,2020
Mikołaj Szołtysek,1,0,0,0,2020,2020
T. V. Sekher,1,0,0,0,2020,2020
Priyanka Dixit,1,0,0,0,2020,2020
Jean J. Medawar,1,0,0,0,1970,1970
D. L. Gore,1,1,1,0,2010,2010
Tom Lutalo,1,0,0,0,2020,2020
J. Clare Ridley,1,0,0,0,1979,1979
Dorothy Fernandez,1,0,0,0,1978,1978
Olutobi Adekunle Sanuade,1,0,0,0,2020,2020
Dawn Everington,1,4,1,0,2018,2018
Sylvia Blom,1,0,0,0,2020,2020
Andrés Salazar-Arango,1,2,1,0,2017,2017
Md Juel Rana,1,0,0,0,2020,2020
Catalina Torres,1,2,1,0,2019,2019
Anthony Idowu Ajayi,1,0,0,0,2020,2020
Christopher D. Smith,1,0,0,0,2020,2020
Niels van den Berg,1,4,1,0,2020,2020
Joanna Marczak,1,1,1,0,2018,2018
Bartosz Ogórek,1,0,0,0,2020,2020
Colin Clark,1,0,0,0,1951,1951
J. B. Chassan,1,0,0,0,1949,1949
Roberto Bachi,1,0,0,0,1950,1950
Cem Mete,1,0,0,0,2020,2020
Uche C. Isiugo-Abanihe,1,0,0,0,2020,2020
Nikkil Sudharsanan,1,0,0,0,2020,2020
Fred Kakaire Nalugoda,1,0,0,0,2020,2020
C. J. Martin,1,0,0,0,1954,1954
Jessica Godwin,1,1,1,0,2018,2018
Yan Yu,1,0,0,0,2018,2018
Morag Henderson,1,0,0,0,2019,2019
Shiras Manning,1,5,1,0,2017,2017
Jean Paul Sardon,1,0,0,0,2005,2005
Lívia Murinkó,1,0,0,0,2020,2020
Arnstein Aassve,1,1,1,0,2020,2020
Per Tynelius,1,2,1,0,2019,2019
William Joe,1,0,0,0,2020,2020
Viviana Egidi,1,0,0,0,2020,2020
Rachel Stuchbury,1,0,0,0,2019,2019
Ilya Kashnitsky,1,0,0,0,2020,2020
Melissa Burham,1,5,1,0,2017,2017
Montserrat Gas-Aixendri,1,2,1,0,2017,2017
Leo J.G. van Wissen,1,0,0,0,2020,2020
Pascaline Feuillet,1,0,0,0,2020,2020
R. Hakkert,1,0,0,0,1981,1981
Paúl Corcuera,1,2,1,0,2017,2017
Kristen Valencia,1,5,1,0,2017,2017
Lorenzo Gamboa,1,5,1,0,2017,2017
Kristin Klingman,1,5,1,0,2017,2017
Kylie Walzak,1,5,1,0,2017,2017
Paola Molina,1,5,1,0,2017,2017
Leigh Matthew William Shaw-Taylor,1,0,0,0,2020,2020
Joseph V. Hackman,1,1,1,0,2019,2019
Sangeeta Chatterji,1,0,0,0,2020,2020
Purushottam M. Kulkarni,1,1,1,0,2020,2020
Leena Adnan Merdad,1,0,0,0,2016,2016
Aurélien Dasré,1,0,0,0,2020,2020
Erland Hofsten,1,0,0,0,1971,1971
Laurent Bossavie,1,0,0,0,2020,2020
Terje Skjerpen,1,0,0,0,2020,2020
Kuriath S. James,1,0,0,0,2020,2020
J. B D Derksen,1,0,0,0,1948,1948
Yasamin Y. Kusunoki,1,1,1,0,2019,2019
Dorean Nabukalu,1,0,0,0,2020,2020
Alexandria Drake,1,1,1,0,2019,2019
Zengyi Huang,1,4,1,0,2018,2018
Omar Karlsson,1,0,0,0,2020,2020
Kanako Ishida,1,1,1,0,2011,2011
Annemarie Ernsten,1,4,1,0,2018,2018
R. Chander,1,0,0,0,1978,1978
Howard B. Newcombe,1,1,1,0,1970,1970
Andrea Monti,1,1,1,0,2020,2020
Harold C. Alderman,1,0,0,0,2020,2020
Giulia Ferrari,1,0,0,0,2019,2019
Max Lacroix,1,0,0,0,1950,1950
P. Krishnan,1,2,1,0,1978,1978
Brian Joseph Gillespie,1,1,1,0,2020,2020
G. Barclay,1,1,1,0,1950,1950
N. L. Aziz,1,0,0,0,1978,1978
Rachel Margolis,1,0,0,0,2020,2020
Stephen Jivraj,1,1,1,0,2020,2020
Ross MacMillan,1,0,0,0,2019,2019
Fengqing Chao,1,1,1,0,2020,2020
H. S. Booker,1,0,0,0,1949,1949
Maria J. Wawer,1,0,0,0,2020,2020
Barbara Vaughan,1,1,1,0,1996,1996
R. D. Harding,1,0,0,0,1948,1948
Leif Johansen,1,0,0,0,1957,1957
Daniel J. Hruschka,1,1,1,0,2019,2019
Eleonora Mussino,1,1,1,0,2020,2020
William Ledger,1,0,0,0,2020,2020
Reynaldo G. Rivera,1,2,1,0,2017,2017
Anneli Ivarsson,1,0,0,0,2020,2020
C. Stern,1,0,0,0,1954,1954
Anna Maria Eurenius,1,0,0,0,2020,2020
Collin F. Payne,1,1,1,0,2019,2019
Bernard D. Karpinos,1,0,0,0,1949,1949
A. R. Emerson,1,2,1,0,1959,1959
Cecil Gordon,1,2,1,0,1959,1959
Olivia Samuel,1,0,0,0,2020,2020
Kathleen Broussard,1,1,1,0,2020,2020
Letizia Mencarini,1,1,1,0,2020,2020
Pieternella Eline Slagboom,1,4,1,0,2020,2020
David McCollum,1,4,1,0,2018,2018
William E. Bertrand,1,2,1,0,1983,1983
Erica Soler-Hampejsek,1,3,1,0,2020,2020
Kraig Beyerlein,1,5,1,0,2017,2017
Marilena Pappagallo,1,0,0,0,2020,2020
Elliot G. Mishler,1,2,1,0,1956,1956
Marcy Erskine,1,1,1,0,2011,2011
Sankaran Venkata Subramanian,1,0,0,0,2020,2020
Isabel Pike,1,1,1,0,2019,2019
Georgina M. Chambers,1,0,0,0,2020,2020
T. Lynn Smith,1,0,0,0,1958,1958
Fredrick Edward Makumbi,1,0,0,0,2020,2020
Samuel Kwesi Gaisie,1,0,0,0,1969,1969
Ajit Das Gupta,1,1,1,0,1976,1976
Julia Hellstrand,1,1,1,0,2020,2020
Wallis Taylor,1,0,0,0,1955,1955
Emma Zang,1,0,0,0,2019,2019
D. S. Pugh,1,2,1,0,1959,1959
J. Learning,1,0,0,0,2008,2008
Elizabeth A. Colantuoni,1,1,1,0,2019,2019
Mark Gortfelder,1,0,0,0,2020,2020
Steven James Reynolds,1,0,0,0,2020,2020
Martin Klesment,1,6,1,0,2018,2018
Julia Andrea Behrman,1,0,0,0,2020,2020
Michael J. Thomas,1,1,1,0,2020,2020
Sarah E. Patterson,1,0,0,0,2020,2020
Paul C. Hewett,1,3,1,0,2020,2020
W. Seltzer,1,0,0,0,2008,2008
Yanjun He,1,1,1,0,2018,2018
J. Planelles,1,2,1,0,2012,2012
Peter S.K. Chi,1,2,1,0,1972,1972
J. A. Hernández,1,2,1,0,2012,2012
Qing Guan,1,0,0,0,2020,2020
Rick J. Mourits,1,4,1,0,2020,2020
Daniel E. Martínez,1,5,1,0,2017,2017
J. Timothy Johnson,1,0,0,0,1978,1978
Léon Tabah,1,0,0,0,1991,1991
G. A. Harrison,1,2,1,0,1970,1970
